ID,书名,Title (English),作者,Author (English),作者去世年份,国家,出版年份,类型,版权状态,是否公版,备注
,中国经典6,Chinese Classic 6,Various,,,中国,1800,"L, i, t, e, r, a, t, u, r, e",✅ 公版书,是,出版于1926年前
,中国经典7,Chinese Classic 7,Various,,,中国,1790,"L, i, t, e, r, a, t, u, r, e",✅ 公版书,是,出版于1926年前
,中国经典8,Chinese Classic 8,Various,,,中国,1780,"L, i, t, e, r, a, t, u, r, e",✅ 公版书,是,出版于1926年前
,中国经典9,Chinese Classic 9,Various,,,中国,1770,"L, i, t, e, r, a, t, u, r, e",✅ 公版书,是,出版于1926年前
,中国经典10,Chinese Classic 10,Various,,,中国,1760,"L, i, t, e, r, a, t, u, r, e",✅ 公版书,是,出版于1926年前
,中国经典11,Chinese Classic 11,Various,,,中国,1750,"L, i, t, e, r, a, t, u, r, e",✅ 公版书,是,出版于1926年前
,中国经典12,Chinese Classic 12,Various,,,中国,1740,"L, i, t, e, r, a, t, u, r, e",✅ 公版书,是,出版于1926年前
,中国经典13,Chinese Classic 13,Various,,,中国,1730,"L, i, t, e, r, a, t, u, r, e",✅ 公版书,是,出版于1926年前
,中国经典14,Chinese Classic 14,Various,,,中国,1720,"L, i, t, e, r, a, t, u, r, e",✅ 公版书,是,出版于1926年前
,中国经典15,Chinese Classic 15,Various,,,中国,1710,"L, i, t, e, r, a, t, u, r, e",✅ 公版书,是,出版于1926年前
,中国经典16,Chinese Classic 16,Various,,,中国,1700,"L, i, t, e, r, a, t, u, r, e",✅ 公版书,是,出版于1926年前
,中国经典17,Chinese Classic 17,Various,,,中国,1690,"L, i, t, e, r, a, t, u, r, e",✅ 公版书,是,出版于1926年前
,中国经典18,Chinese Classic 18,Various,,,中国,1680,"L, i, t, e, r, a, t, u, r, e",✅ 公版书,是,出版于1926年前
,中国经典19,Chinese Classic 19,Various,,,中国,1670,"L, i, t, e, r, a, t, u, r, e",✅ 公版书,是,出版于1926年前
,中国经典20,Chinese Classic 20,Various,,,中国,1660,"L, i, t, e, r, a, t, u, r, e",✅ 公版书,是,出版于1926年前
,中国经典21,Chinese Classic 21,Various,,,中国,1650,"L, i, t, e, r, a, t, u, r, e",✅ 公版书,是,出版于1926年前
,中国经典22,Chinese Classic 22,Various,,,中国,1640,"L, i, t, e, r, a, t, u, r, e",✅ 公版书,是,出版于1926年前
,中国经典23,Chinese Classic 23,Various,,,中国,1630,"L, i, t, e, r, a, t, u, r, e",✅ 公版书,是,出版于1926年前
,中国经典24,Chinese Classic 24,Various,,,中国,1620,"L, i, t, e, r, a, t, u, r, e",✅ 公版书,是,出版于1926年前
,中国经典25,Chinese Classic 25,Various,,,中国,1610,"L, i, t, e, r, a, t, u, r, e",✅ 公版书,是,出版于1926年前
,中国经典26,Chinese Classic 26,Various,,,中国,1600,"L, i, t, e, r, a, t, u, r, e",✅ 公版书,是,出版于1926年前
,中国经典27,Chinese Classic 27,Various,,,中国,1590,"L, i, t, e, r, a, t, u, r, e",✅ 公版书,是,出版于1926年前
,中国经典28,Chinese Classic 28,Various,,,中国,1580,"L, i, t, e, r, a, t, u, r, e",✅ 公版书,是,出版于1926年前
,中国经典29,Chinese Classic 29,Various,,,中国,1570,"L, i, t, e, r, a, t, u, r, e",✅ 公版书,是,出版于1926年前
,中国经典30,Chinese Classic 30,Various,,,中国,1560,"L, i, t, e, r, a, t, u, r, e",✅ 公版书,是,出版于1926年前
,中国经典31,Chinese Classic 31,Various,,,中国,1550,"L, i, t, e, r, a, t, u, r, e",✅ 公版书,是,出版于1926年前
,中国经典32,Chinese Classic 32,Various,,,中国,1540,"L, i, t, e, r, a, t, u, r, e",✅ 公版书,是,出版于1926年前
,中国经典33,Chinese Classic 33,Various,,,中国,1530,"L, i, t, e, r, a, t, u, r, e",✅ 公版书,是,出版于1926年前
,中国经典34,Chinese Classic 34,Various,,,中国,1520,"L, i, t, e, r, a, t, u, r, e",✅ 公版书,是,出版于1926年前
,中国经典35,Chinese Classic 35,Various,,,中国,1510,"L, i, t, e, r, a, t, u, r, e",✅ 公版书,是,出版于1926年前
,中国经典36,Chinese Classic 36,Various,,,中国,1500,"L, i, t, e, r, a, t, u, r, e",✅ 公版书,是,出版于1926年前
,中国经典37,Chinese Classic 37,Various,,,中国,1490,"L, i, t, e, r, a, t, u, r, e",✅ 公版书,是,出版于1926年前
,中国经典38,Chinese Classic 38,Various,,,中国,1480,"L, i, t, e, r, a, t, u, r, e",✅ 公版书,是,出版于1926年前
,中国经典39,Chinese Classic 39,Various,,,中国,1470,"L, i, t, e, r, a, t, u, r, e",✅ 公版书,是,出版于1926年前
,中国经典40,Chinese Classic 40,Various,,,中国,1460,"L, i, t, e, r, a, t, u, r, e",✅ 公版书,是,出版于1926年前
,中国经典41,Chinese Classic 41,Various,,,中国,1450,"L, i, t, e, r, a, t, u, r, e",✅ 公版书,是,出版于1926年前
,中国经典42,Chinese Classic 42,Various,,,中国,1440,"L, i, t, e, r, a, t, u, r, e",✅ 公版书,是,出版于1926年前
,中国经典43,Chinese Classic 43,Various,,,中国,1430,"L, i, t, e, r, a, t, u, r, e",✅ 公版书,是,出版于1926年前
,中国经典44,Chinese Classic 44,Various,,,中国,1420,"L, i, t, e, r, a, t, u, r, e",✅ 公版书,是,出版于1926年前
,中国经典45,Chinese Classic 45,Various,,,中国,1410,"L, i, t, e, r, a, t, u, r, e",✅ 公版书,是,出版于1926年前
,中国经典46,Chinese Classic 46,Various,,,中国,1400,"L, i, t, e, r, a, t, u, r, e",✅ 公版书,是,出版于1926年前
,中国经典47,Chinese Classic 47,Various,,,中国,1390,"L, i, t, e, r, a, t, u, r, e",✅ 公版书,是,出版于1926年前
,中国经典48,Chinese Classic 48,Various,,,中国,1380,"L, i, t, e, r, a, t, u, r, e",✅ 公版书,是,出版于1926年前
,中国经典49,Chinese Classic 49,Various,,,中国,1370,"L, i, t, e, r, a, t, u, r, e",✅ 公版书,是,出版于1926年前
,中国经典50,Chinese Classic 50,Various,,,中国,1360,"L, i, t, e, r, a, t, u, r, e",✅ 公版书,是,出版于1926年前
,中国经典51,Chinese Classic 51,Various,,,中国,1350,"L, i, t, e, r, a, t, u, r, e",✅ 公版书,是,出版于1926年前
,中国经典52,Chinese Classic 52,Various,,,中国,1340,"L, i, t, e, r, a, t, u, r, e",✅ 公版书,是,出版于1926年前
,中国经典53,Chinese Classic 53,Various,,,中国,1330,"L, i, t, e, r, a, t, u, r, e",✅ 公版书,是,出版于1926年前
,中国经典54,Chinese Classic 54,Various,,,中国,1320,"L, i, t, e, r, a, t, u, r, e",✅ 公版书,是,出版于1926年前
,中国经典55,Chinese Classic 55,Various,,,中国,1310,"L, i, t, e, r, a, t, u, r, e",✅ 公版书,是,出版于1926年前
,中国经典56,Chinese Classic 56,Various,,,中国,1300,"L, i, t, e, r, a, t, u, r, e",✅ 公版书,是,出版于1926年前
,中国经典57,Chinese Classic 57,Various,,,中国,1290,"L, i, t, e, r, a, t, u, r, e",✅ 公版书,是,出版于1926年前
,中国经典58,Chinese Classic 58,Various,,,中国,1280,"L, i, t, e, r, a, t, u, r, e",✅ 公版书,是,出版于1926年前
,中国经典59,Chinese Classic 59,Various,,,中国,1270,"L, i, t, e, r, a, t, u, r, e",✅ 公版书,是,出版于1926年前
,中国经典60,Chinese Classic 60,Various,,,中国,1260,"L, i, t, e, r, a, t, u, r, e",✅ 公版书,是,出版于1926年前
,中国经典61,Chinese Classic 61,Various,,,中国,1250,"L, i, t, e, r, a, t, u, r, e",✅ 公版书,是,出版于1926年前
,中国经典62,Chinese Classic 62,Various,,,中国,1240,"L, i, t, e, r, a, t, u, r, e",✅ 公版书,是,出版于1926年前
,中国经典63,Chinese Classic 63,Various,,,中国,1230,"L, i, t, e, r, a, t, u, r, e",✅ 公版书,是,出版于1926年前
,中国经典64,Chinese Classic 64,Various,,,中国,1220,"L, i, t, e, r, a, t, u, r, e",✅ 公版书,是,出版于1926年前
,中国经典65,Chinese Classic 65,Various,,,中国,1210,"L, i, t, e, r, a, t, u, r, e",✅ 公版书,是,出版于1926年前
,中国经典66,Chinese Classic 66,Various,,,中国,1200,"L, i, t, e, r, a, t, u, r, e",✅ 公版书,是,出版于1926年前
,中国经典67,Chinese Classic 67,Various,,,中国,1190,"L, i, t, e, r, a, t, u, r, e",✅ 公版书,是,出版于1926年前
,中国经典68,Chinese Classic 68,Various,,,中国,1180,"L, i, t, e, r, a, t, u, r, e",✅ 公版书,是,出版于1926年前
,中国经典69,Chinese Classic 69,Various,,,中国,1170,"L, i, t, e, r, a, t, u, r, e",✅ 公版书,是,出版于1926年前
,中国经典70,Chinese Classic 70,Various,,,中国,1160,"L, i, t, e, r, a, t, u, r, e",✅ 公版书,是,出版于1926年前
,中国经典71,Chinese Classic 71,Various,,,中国,1150,"L, i, t, e, r, a, t, u, r, e",✅ 公版书,是,出版于1926年前
,中国经典72,Chinese Classic 72,Various,,,中国,1140,"L, i, t, e, r, a, t, u, r, e",✅ 公版书,是,出版于1926年前
,中国经典73,Chinese Classic 73,Various,,,中国,1130,"L, i, t, e, r, a, t, u, r, e",✅ 公版书,是,出版于1926年前
,中国经典74,Chinese Classic 74,Various,,,中国,1120,"L, i, t, e, r, a, t, u, r, e",✅ 公版书,是,出版于1926年前
,中国经典75,Chinese Classic 75,Various,,,中国,1110,"L, i, t, e, r, a, t, u, r, e",✅ 公版书,是,出版于1926年前
,中国经典76,Chinese Classic 76,Various,,,中国,1100,"L, i, t, e, r, a, t, u, r, e",✅ 公版书,是,出版于1926年前
,中国经典77,Chinese Classic 77,Various,,,中国,1090,"L, i, t, e, r, a, t, u, r, e",✅ 公版书,是,出版于1926年前
,中国经典78,Chinese Classic 78,Various,,,中国,1080,"L, i, t, e, r, a, t, u, r, e",✅ 公版书,是,出版于1926年前
,中国经典79,Chinese Classic 79,Various,,,中国,1070,"L, i, t, e, r, a, t, u, r, e",✅ 公版书,是,出版于1926年前
,中国经典80,Chinese Classic 80,Various,,,中国,1060,"L, i, t, e, r, a, t, u, r, e",✅ 公版书,是,出版于1926年前
,中国经典81,Chinese Classic 81,Various,,,中国,1050,"L, i, t, e, r, a, t, u, r, e",✅ 公版书,是,出版于1926年前
,中国经典82,Chinese Classic 82,Various,,,中国,1040,"L, i, t, e, r, a, t, u, r, e",✅ 公版书,是,出版于1926年前
,中国经典83,Chinese Classic 83,Various,,,中国,1030,"L, i, t, e, r, a, t, u, r, e",✅ 公版书,是,出版于1926年前
,中国经典84,Chinese Classic 84,Various,,,中国,1020,"L, i, t, e, r, a, t, u, r, e",✅ 公版书,是,出版于1926年前
,中国经典85,Chinese Classic 85,Various,,,中国,1010,"L, i, t, e, r, a, t, u, r, e",✅ 公版书,是,出版于1926年前
,中国经典86,Chinese Classic 86,Various,,,中国,1000,"L, i, t, e, r, a, t, u, r, e",✅ 公版书,是,出版于1926年前
,中国经典87,Chinese Classic 87,Various,,,中国,990,"L, i, t, e, r, a, t, u, r, e",✅ 公版书,是,出版于1926年前
,中国经典88,Chinese Classic 88,Various,,,中国,980,"L, i, t, e, r, a, t, u, r, e",✅ 公版书,是,出版于1926年前
,中国经典89,Chinese Classic 89,Various,,,中国,970,"L, i, t, e, r, a, t, u, r, e",✅ 公版书,是,出版于1926年前
,中国经典90,Chinese Classic 90,Various,,,中国,960,"L, i, t, e, r, a, t, u, r, e",✅ 公版书,是,出版于1926年前
,中国经典91,Chinese Classic 91,Various,,,中国,950,"L, i, t, e, r, a, t, u, r, e",✅ 公版书,是,出版于1926年前
,中国经典92,Chinese Classic 92,Various,,,中国,940,"L, i, t, e, r, a, t, u, r, e",✅ 公版书,是,出版于1926年前
,中国经典93,Chinese Classic 93,Various,,,中国,930,"L, i, t, e, r, a, t, u, r, e",✅ 公版书,是,出版于1926年前
,中国经典94,Chinese Classic 94,Various,,,中国,920,"L, i, t, e, r, a, t, u, r, e",✅ 公版书,是,出版于1926年前
,中国经典95,Chinese Classic 95,Various,,,中国,910,"L, i, t, e, r, a, t, u, r, e",✅ 公版书,是,出版于1926年前
,中国经典96,Chinese Classic 96,Various,,,中国,900,"L, i, t, e, r, a, t, u, r, e",✅ 公版书,是,出版于1926年前
,中国经典97,Chinese Classic 97,Various,,,中国,890,"L, i, t, e, r, a, t, u, r, e",✅ 公版书,是,出版于1926年前
,中国经典98,Chinese Classic 98,Various,,,中国,880,"L, i, t, e, r, a, t, u, r, e",✅ 公版书,是,出版于1926年前
,中国经典99,Chinese Classic 99,Various,,,中国,870,"L, i, t, e, r, a, t, u, r, e",✅ 公版书,是,出版于1926年前
,中国经典100,Chinese Classic 100,Various,,,中国,860,"L, i, t, e, r, a, t, u, r, e",✅ 公版书,是,出版于1926年前
,紅樓夢,Dream of the Red Chamber,曹雪芹,,,中国,1791,"N, o, v, e, l",✅ 公版书,是,出版于1926年前
,西遊記,Journey to the West,吴承恩,,,中国,1592,"F, a, n, t, a, s, y",✅ 公版书,是,出版于1926年前
,三國演義,Romance of the Three Kingdoms,罗贯中,,,中国,1522,"H, i, s, t, o, r, i, c, a, l",✅ 公版书,是,出版于1926年前
,水滸傳,Water Margin,施耐庵,,,中国,1589,"A, d, v, e, n, t, u, r, e",✅ 公版书,是,出版于1926年前
,金瓶梅,The Plum in the Golden Vase,兰陵笑笑生,,,中国,1610,"N, o, v, e, l",✅ 公版书,是,出版于1926年前
,源氏物語,The Tale of Genji,紫式部,,,日本,1008,"N, o, v, e, l",✅ 公版书,是,出版于1926年前
,枕草子,The Pillow Book,清少纳言,,,日本,1002,"E, s, s, a, y, s",✅ 公版书,是,出版于1926年前
,こころ,Kokoro,夏目漱石,,,日本,1914,"N, o, v, e, l",✅ 公版书,是,出版于1926年前
,人間失格,No Longer Human,太宰治,,,日本,1948,"N, o, v, e, l",❓ 需核实,未知,缺少作者去世年份
,雪国,Snow Country,川端康成,,,日本,1948,"N, o, v, e, l",❓ 需核实,未知,缺少作者去世年份
,रामायण,Ramayana,Valmiki,,,印度,-500,"E, p, i, c",✅ 公版书,是,出版于1926年前
,महाभारत,Mahabharata,Vyasa,,,印度,-400,"E, p, i, c",✅ 公版书,是,出版于1926年前
,Gitanjali,Gitanjali,Rabindranath Tagore,,,印度,1910,"P, o, e, t, r, y",✅ 公版书,是,出版于1926年前
,Hamlet,Hamlet,William Shakespeare,,,英国,1603,"T, r, a, g, e, d, y",✅ 公版书,是,出版于1926年前
,Pride and Prejudice,Pride and Prejudice,Jane Austen,,,英国,1813,"N, o, v, e, l",✅ 公版书,是,出版于1926年前
,Oliver Twist,Oliver Twist,Charles Dickens,,,英国,1838,"N, o, v, e, l",✅ 公版书,是,出版于1926年前
,Wuthering Heights,Wuthering Heights,Emily Brontë,,,英国,1847,"N, o, v, e, l",✅ 公版书,是,出版于1926年前
,Les Misérables,Les Misérables,Victor Hugo,,,法国,1862,"N, o, v, e, l",✅ 公版书,是,出版于1926年前
,Le Comte de Monte-Cristo,The Count of Monte Cristo,Alexandre Dumas,,,法国,1844,"A, d, v, e, n, t, u, r, e",✅ 公版书,是,出版于1926年前
,Madame Bovary,Madame Bovary,Gustave Flaubert,,,法国,1857,"N, o, v, e, l",✅ 公版书,是,出版于1926年前
,Le Petit Prince,The Little Prince,Antoine de Saint-Exupéry,,,法国,1943,"N, o, v, e, l, l, a",❓ 需核实,未知,缺少作者去世年份
,Война и мир,War and Peace,Leo Tolstoy,,,俄国,1869,"N, o, v, e, l",✅ 公版书,是,出版于1926年前
,Преступление и наказание,Crime and Punishment,Fyodor Dostoevsky,,,俄国,1866,"N, o, v, e, l",✅ 公版书,是,出版于1926年前
,Мастер и Маргарита,The Master and Margarita,Mikhail Bulgakov,,,俄国,1967,"N, o, v, e, l",❓ 需核实,未知,缺少作者去世年份
,Faust,Faust,Johann Wolfgang von Goethe,,,德国,1832,"D, r, a, m, a",✅ 公版书,是,出版于1926年前
,Die Verwandlung,The Metamorphosis,Franz Kafka,,,德国,1915,"N, o, v, e, l, l, a",✅ 公版书,是,出版于1926年前
,La Divina Commedia,The Divine Comedy,Dante Alighieri,,,意大利,1320,"E, p, i, c,  , P, o, e, t, r, y",✅ 公版书,是,出版于1926年前
,Don Quijote de la Mancha,Don Quixote,Miguel de Cervantes,,,西班牙,1615,"N, o, v, e, l",✅ 公版书,是,出版于1926年前
,Moby-Dick,Moby-Dick,Herman Melville,,,美国,1851,"N, o, v, e, l",✅ 公版书,是,出版于1926年前
,The Great Gatsby,The Great Gatsby,F. Scott Fitzgerald,,,美国,1925,"N, o, v, e, l",✅ 公版书,是,出版于1926年前
,To Kill a Mockingbird,To Kill a Mockingbird,Harper Lee,,,美国,1960,"N, o, v, e, l",❓ 需核实,未知,缺少作者去世年份
,Cien años de soledad,One Hundred Years of Solitude,Gabriel García Márquez,,,哥伦比亚,1967,"N, o, v, e, l",❓ 需核实,未知,缺少作者去世年份
,Ficciones,Ficciones,Jorge Luis Borges,,,阿根廷,1944,"S, h, o, r, t,  , S, t, o, r, i, e, s",❓ 需核实,未知,缺少作者去世年份
,شاهنامه,Shahnameh,Ferdowsi,,,伊朗,1010,"E, p, i, c",✅ 公版书,是,出版于1926年前
,ألف ليلة وليلة,One Thousand and One Nights,Various,,,伊拉克,850,"F, o, l, k,  , T, a, l, e, s",✅ 公版书,是,出版于1926年前
,Things Fall Apart,Things Fall Apart,Chinua Achebe,,,尼日利亚,1958,"N, o, v, e, l",❓ 需核实,未知,缺少作者去世年份
,"Cry, the Beloved Country","Cry, the Beloved Country",Alan Paton,,,南非,1948,"N, o, v, e, l",❓ 需核实,未知,缺少作者去世年份
,Voss,Voss,Patrick White,,,澳大利亚,1957,"N, o, v, e, l",❓ 需核实,未知,缺少作者去世年份
,The Bone People,The Bone People,Keri Hulme,,,新西兰,1984,"N, o, v, e, l",❓ 需核实,未知,缺少作者去世年份
,Ιλιάς,Iliad,Homer,,,希腊,-750,"E, p, i, c",✅ 公版书,是,出版于1926年前
,Οδύσσεια,Odyssey,Homer,,,希腊,-750,"E, p, i, c",✅ 公版书,是,出版于1926年前
,Classic Work 1,Classic Work 1,Author 1,,,中国,1700,"N, o, v, e, l",✅ 公版书,是,出版于1926年前
,Classic Work 2,Classic Work 2,Author 2,,,日本,1701,"P, o, e, t, r, y",✅ 公版书,是,出版于1926年前
,Classic Work 3,Classic Work 3,Author 3,,,印度,1702,"D, r, a, m, a",✅ 公版书,是,出版于1926年前
,Classic Work 4,Classic Work 4,Author 4,,,韩国,1703,"S, h, o, r, t,  , S, t, o, r, i, e, s",✅ 公版书,是,出版于1926年前
,Classic Work 5,Classic Work 5,Author 5,,,英国,1704,"E, p, i, c",✅ 公版书,是,出版于1926年前
,Classic Work 6,Classic Work 6,Author 6,,,法国,1705,"E, s, s, a, y, s",✅ 公版书,是,出版于1926年前
,Classic Work 7,Classic Work 7,Author 7,,,俄国,1706,"P, h, i, l, o, s, o, p, h, y",✅ 公版书,是,出版于1926年前
,Classic Work 8,Classic Work 8,Author 8,,,德国,1707,"H, i, s, t, o, r, y",✅ 公版书,是,出版于1926年前
,Classic Work 9,Classic Work 9,Author 9,,,意大利,1708,"A, u, t, o, b, i, o, g, r, a, p, h, y",✅ 公版书,是,出版于1926年前
,Classic Work 10,Classic Work 10,Author 10,,,西班牙,1709,"N, o, v, e, l",✅ 公版书,是,出版于1926年前
,Classic Work 11,Classic Work 11,Author 11,,,美国,1710,"P, o, e, t, r, y",✅ 公版书,是,出版于1926年前
,Classic Work 12,Classic Work 12,Author 12,,,伊朗,1711,"D, r, a, m, a",✅ 公版书,是,出版于1926年前
,Classic Work 13,Classic Work 13,Author 13,,,埃及,1712,"S, h, o, r, t,  , S, t, o, r, i, e, s",✅ 公版书,是,出版于1926年前
,Classic Work 14,Classic Work 14,Author 14,,,土耳其,1713,"E, p, i, c",✅ 公版书,是,出版于1926年前
,Classic Work 15,Classic Work 15,Author 15,,,尼日利亚,1714,"E, s, s, a, y, s",✅ 公版书,是,出版于1926年前
,Classic Work 16,Classic Work 16,Author 16,,,南非,1715,"P, h, i, l, o, s, o, p, h, y",✅ 公版书,是,出版于1926年前
,Classic Work 17,Classic Work 17,Author 17,,,澳大利亚,1716,"H, i, s, t, o, r, y",✅ 公版书,是,出版于1926年前
,Classic Work 18,Classic Work 18,Author 18,,,新西兰,1717,"A, u, t, o, b, i, o, g, r, a, p, h, y",✅ 公版书,是,出版于1926年前
,Classic Work 19,Classic Work 19,Author 19,,,中国,1718,"N, o, v, e, l",✅ 公版书,是,出版于1926年前
,Classic Work 20,Classic Work 20,Author 20,,,日本,1719,"P, o, e, t, r, y",✅ 公版书,是,出版于1926年前
,Classic Work 21,Classic Work 21,Author 21,,,印度,1720,"D, r, a, m, a",✅ 公版书,是,出版于1926年前
,Classic Work 22,Classic Work 22,Author 22,,,韩国,1721,"S, h, o, r, t,  , S, t, o, r, i, e, s",✅ 公版书,是,出版于1926年前
,Classic Work 23,Classic Work 23,Author 23,,,英国,1722,"E, p, i, c",✅ 公版书,是,出版于1926年前
,Classic Work 24,Classic Work 24,Author 24,,,法国,1723,"E, s, s, a, y, s",✅ 公版书,是,出版于1926年前
,Classic Work 25,Classic Work 25,Author 25,,,俄国,1724,"P, h, i, l, o, s, o, p, h, y",✅ 公版书,是,出版于1926年前
,Classic Work 26,Classic Work 26,Author 26,,,德国,1725,"H, i, s, t, o, r, y",✅ 公版书,是,出版于1926年前
,Classic Work 27,Classic Work 27,Author 27,,,意大利,1726,"A, u, t, o, b, i, o, g, r, a, p, h, y",✅ 公版书,是,出版于1926年前
,Classic Work 28,Classic Work 28,Author 28,,,西班牙,1727,"N, o, v, e, l",✅ 公版书,是,出版于1926年前
,Classic Work 29,Classic Work 29,Author 29,,,美国,1728,"P, o, e, t, r, y",✅ 公版书,是,出版于1926年前
,Classic Work 30,Classic Work 30,Author 30,,,伊朗,1729,"D, r, a, m, a",✅ 公版书,是,出版于1926年前
,Classic Work 31,Classic Work 31,Author 31,,,埃及,1730,"S, h, o, r, t,  , S, t, o, r, i, e, s",✅ 公版书,是,出版于1926年前
,Classic Work 32,Classic Work 32,Author 32,,,土耳其,1731,"E, p, i, c",✅ 公版书,是,出版于1926年前
,Classic Work 33,Classic Work 33,Author 33,,,尼日利亚,1732,"E, s, s, a, y, s",✅ 公版书,是,出版于1926年前
,Classic Work 34,Classic Work 34,Author 34,,,南非,1733,"P, h, i, l, o, s, o, p, h, y",✅ 公版书,是,出版于1926年前
,Classic Work 35,Classic Work 35,Author 35,,,澳大利亚,1734,"H, i, s, t, o, r, y",✅ 公版书,是,出版于1926年前
,Classic Work 36,Classic Work 36,Author 36,,,新西兰,1735,"A, u, t, o, b, i, o, g, r, a, p, h, y",✅ 公版书,是,出版于1926年前
,Classic Work 37,Classic Work 37,Author 37,,,中国,1736,"N, o, v, e, l",✅ 公版书,是,出版于1926年前
,Classic Work 38,Classic Work 38,Author 38,,,日本,1737,"P, o, e, t, r, y",✅ 公版书,是,出版于1926年前
,Classic Work 39,Classic Work 39,Author 39,,,印度,1738,"D, r, a, m, a",✅ 公版书,是,出版于1926年前
,Classic Work 40,Classic Work 40,Author 40,,,韩国,1739,"S, h, o, r, t,  , S, t, o, r, i, e, s",✅ 公版书,是,出版于1926年前
,Classic Work 41,Classic Work 41,Author 41,,,英国,1740,"E, p, i, c",✅ 公版书,是,出版于1926年前
,Classic Work 42,Classic Work 42,Author 42,,,法国,1741,"E, s, s, a, y, s",✅ 公版书,是,出版于1926年前
,Classic Work 43,Classic Work 43,Author 43,,,俄国,1742,"P, h, i, l, o, s, o, p, h, y",✅ 公版书,是,出版于1926年前
,Classic Work 44,Classic Work 44,Author 44,,,德国,1743,"H, i, s, t, o, r, y",✅ 公版书,是,出版于1926年前
,Classic Work 45,Classic Work 45,Author 45,,,意大利,1744,"A, u, t, o, b, i, o, g, r, a, p, h, y",✅ 公版书,是,出版于1926年前
,Classic Work 46,Classic Work 46,Author 46,,,西班牙,1745,"N, o, v, e, l",✅ 公版书,是,出版于1926年前
,Classic Work 47,Classic Work 47,Author 47,,,美国,1746,"P, o, e, t, r, y",✅ 公版书,是,出版于1926年前
,Classic Work 48,Classic Work 48,Author 48,,,伊朗,1747,"D, r, a, m, a",✅ 公版书,是,出版于1926年前
,Classic Work 49,Classic Work 49,Author 49,,,埃及,1748,"S, h, o, r, t,  , S, t, o, r, i, e, s",✅ 公版书,是,出版于1926年前
,Classic Work 50,Classic Work 50,Author 50,,,土耳其,1749,"E, p, i, c",✅ 公版书,是,出版于1926年前
,Classic Work 51,Classic Work 51,Author 51,,,尼日利亚,1750,"E, s, s, a, y, s",✅ 公版书,是,出版于1926年前
,Classic Work 52,Classic Work 52,Author 52,,,南非,1751,"P, h, i, l, o, s, o, p, h, y",✅ 公版书,是,出版于1926年前
,Classic Work 53,Classic Work 53,Author 53,,,澳大利亚,1752,"H, i, s, t, o, r, y",✅ 公版书,是,出版于1926年前
,Classic Work 54,Classic Work 54,Author 54,,,新西兰,1753,"A, u, t, o, b, i, o, g, r, a, p, h, y",✅ 公版书,是,出版于1926年前
,Classic Work 55,Classic Work 55,Author 55,,,中国,1754,"N, o, v, e, l",✅ 公版书,是,出版于1926年前
,Classic Work 56,Classic Work 56,Author 56,,,日本,1755,"P, o, e, t, r, y",✅ 公版书,是,出版于1926年前
,Classic Work 57,Classic Work 57,Author 57,,,印度,1756,"D, r, a, m, a",✅ 公版书,是,出版于1926年前
,Classic Work 58,Classic Work 58,Author 58,,,韩国,1757,"S, h, o, r, t,  , S, t, o, r, i, e, s",✅ 公版书,是,出版于1926年前
,Classic Work 59,Classic Work 59,Author 59,,,英国,1758,"E, p, i, c",✅ 公版书,是,出版于1926年前
,Classic Work 60,Classic Work 60,Author 60,,,法国,1759,"E, s, s, a, y, s",✅ 公版书,是,出版于1926年前
,Classic Work 61,Classic Work 61,Author 61,,,俄国,1760,"P, h, i, l, o, s, o, p, h, y",✅ 公版书,是,出版于1926年前
,Classic Work 62,Classic Work 62,Author 62,,,德国,1761,"H, i, s, t, o, r, y",✅ 公版书,是,出版于1926年前
,Classic Work 63,Classic Work 63,Author 63,,,意大利,1762,"A, u, t, o, b, i, o, g, r, a, p, h, y",✅ 公版书,是,出版于1926年前
,Classic Work 64,Classic Work 64,Author 64,,,西班牙,1763,"N, o, v, e, l",✅ 公版书,是,出版于1926年前
,Classic Work 65,Classic Work 65,Author 65,,,美国,1764,"P, o, e, t, r, y",✅ 公版书,是,出版于1926年前
,Classic Work 66,Classic Work 66,Author 66,,,伊朗,1765,"D, r, a, m, a",✅ 公版书,是,出版于1926年前
,Classic Work 67,Classic Work 67,Author 67,,,埃及,1766,"S, h, o, r, t,  , S, t, o, r, i, e, s",✅ 公版书,是,出版于1926年前
,Classic Work 68,Classic Work 68,Author 68,,,土耳其,1767,"E, p, i, c",✅ 公版书,是,出版于1926年前
,Classic Work 69,Classic Work 69,Author 69,,,尼日利亚,1768,"E, s, s, a, y, s",✅ 公版书,是,出版于1926年前
,Classic Work 70,Classic Work 70,Author 70,,,南非,1769,"P, h, i, l, o, s, o, p, h, y",✅ 公版书,是,出版于1926年前
,Classic Work 71,Classic Work 71,Author 71,,,澳大利亚,1770,"H, i, s, t, o, r, y",✅ 公版书,是,出版于1926年前
,Classic Work 72,Classic Work 72,Author 72,,,新西兰,1771,"A, u, t, o, b, i, o, g, r, a, p, h, y",✅ 公版书,是,出版于1926年前
,Classic Work 73,Classic Work 73,Author 73,,,中国,1772,"N, o, v, e, l",✅ 公版书,是,出版于1926年前
,Classic Work 74,Classic Work 74,Author 74,,,日本,1773,"P, o, e, t, r, y",✅ 公版书,是,出版于1926年前
,Classic Work 75,Classic Work 75,Author 75,,,印度,1774,"D, r, a, m, a",✅ 公版书,是,出版于1926年前
,Classic Work 76,Classic Work 76,Author 76,,,韩国,1775,"S, h, o, r, t,  , S, t, o, r, i, e, s",✅ 公版书,是,出版于1926年前
,Classic Work 77,Classic Work 77,Author 77,,,英国,1776,"E, p, i, c",✅ 公版书,是,出版于1926年前
,Classic Work 78,Classic Work 78,Author 78,,,法国,1777,"E, s, s, a, y, s",✅ 公版书,是,出版于1926年前
,Classic Work 79,Classic Work 79,Author 79,,,俄国,1778,"P, h, i, l, o, s, o, p, h, y",✅ 公版书,是,出版于1926年前
,Classic Work 80,Classic Work 80,Author 80,,,德国,1779,"H, i, s, t, o, r, y",✅ 公版书,是,出版于1926年前
,Classic Work 81,Classic Work 81,Author 81,,,意大利,1780,"A, u, t, o, b, i, o, g, r, a, p, h, y",✅ 公版书,是,出版于1926年前
,Classic Work 82,Classic Work 82,Author 82,,,西班牙,1781,"N, o, v, e, l",✅ 公版书,是,出版于1926年前
,Classic Work 83,Classic Work 83,Author 83,,,美国,1782,"P, o, e, t, r, y",✅ 公版书,是,出版于1926年前
,Classic Work 84,Classic Work 84,Author 84,,,伊朗,1783,"D, r, a, m, a",✅ 公版书,是,出版于1926年前
,Classic Work 85,Classic Work 85,Author 85,,,埃及,1784,"S, h, o, r, t,  , S, t, o, r, i, e, s",✅ 公版书,是,出版于1926年前
,Classic Work 86,Classic Work 86,Author 86,,,土耳其,1785,"E, p, i, c",✅ 公版书,是,出版于1926年前
,Classic Work 87,Classic Work 87,Author 87,,,尼日利亚,1786,"E, s, s, a, y, s",✅ 公版书,是,出版于1926年前
,Classic Work 88,Classic Work 88,Author 88,,,南非,1787,"P, h, i, l, o, s, o, p, h, y",✅ 公版书,是,出版于1926年前
,Classic Work 89,Classic Work 89,Author 89,,,澳大利亚,1788,"H, i, s, t, o, r, y",✅ 公版书,是,出版于1926年前
,Classic Work 90,Classic Work 90,Author 90,,,新西兰,1789,"A, u, t, o, b, i, o, g, r, a, p, h, y",✅ 公版书,是,出版于1926年前
,Classic Work 91,Classic Work 91,Author 91,,,中国,1790,"N, o, v, e, l",✅ 公版书,是,出版于1926年前
,Classic Work 92,Classic Work 92,Author 92,,,日本,1791,"P, o, e, t, r, y",✅ 公版书,是,出版于1926年前
,Classic Work 93,Classic Work 93,Author 93,,,印度,1792,"D, r, a, m, a",✅ 公版书,是,出版于1926年前
,Classic Work 94,Classic Work 94,Author 94,,,韩国,1793,"S, h, o, r, t,  , S, t, o, r, i, e, s",✅ 公版书,是,出版于1926年前
,Classic Work 95,Classic Work 95,Author 95,,,英国,1794,"E, p, i, c",✅ 公版书,是,出版于1926年前
,Classic Work 96,Classic Work 96,Author 96,,,法国,1795,"E, s, s, a, y, s",✅ 公版书,是,出版于1926年前
,Classic Work 97,Classic Work 97,Author 97,,,俄国,1796,"P, h, i, l, o, s, o, p, h, y",✅ 公版书,是,出版于1926年前
,Classic Work 98,Classic Work 98,Author 98,,,德国,1797,"H, i, s, t, o, r, y",✅ 公版书,是,出版于1926年前
,Classic Work 99,Classic Work 99,Author 99,,,意大利,1798,"A, u, t, o, b, i, o, g, r, a, p, h, y",✅ 公版书,是,出版于1926年前
,Classic Work 100,Classic Work 100,Author 100,,,西班牙,1799,"N, o, v, e, l",✅ 公版书,是,出版于1926年前
,Classic Work 101,Classic Work 101,Author 101,,,美国,1800,"P, o, e, t, r, y",✅ 公版书,是,出版于1926年前
,Classic Work 102,Classic Work 102,Author 102,,,伊朗,1801,"D, r, a, m, a",✅ 公版书,是,出版于1926年前
,Classic Work 103,Classic Work 103,Author 103,,,埃及,1802,"S, h, o, r, t,  , S, t, o, r, i, e, s",✅ 公版书,是,出版于1926年前
,Classic Work 104,Classic Work 104,Author 104,,,土耳其,1803,"E, p, i, c",✅ 公版书,是,出版于1926年前
,Classic Work 105,Classic Work 105,Author 105,,,尼日利亚,1804,"E, s, s, a, y, s",✅ 公版书,是,出版于1926年前
,Classic Work 106,Classic Work 106,Author 106,,,南非,1805,"P, h, i, l, o, s, o, p, h, y",✅ 公版书,是,出版于1926年前
,Classic Work 107,Classic Work 107,Author 107,,,澳大利亚,1806,"H, i, s, t, o, r, y",✅ 公版书,是,出版于1926年前
,Classic Work 108,Classic Work 108,Author 108,,,新西兰,1807,"A, u, t, o, b, i, o, g, r, a, p, h, y",✅ 公版书,是,出版于1926年前
,Classic Work 109,Classic Work 109,Author 109,,,中国,1808,"N, o, v, e, l",✅ 公版书,是,出版于1926年前
,Classic Work 110,Classic Work 110,Author 110,,,日本,1809,"P, o, e, t, r, y",✅ 公版书,是,出版于1926年前
,Classic Work 111,Classic Work 111,Author 111,,,印度,1810,"D, r, a, m, a",✅ 公版书,是,出版于1926年前
,Classic Work 112,Classic Work 112,Author 112,,,韩国,1811,"S, h, o, r, t,  , S, t, o, r, i, e, s",✅ 公版书,是,出版于1926年前
,Classic Work 113,Classic Work 113,Author 113,,,英国,1812,"E, p, i, c",✅ 公版书,是,出版于1926年前
,Classic Work 114,Classic Work 114,Author 114,,,法国,1813,"E, s, s, a, y, s",✅ 公版书,是,出版于1926年前
,Classic Work 115,Classic Work 115,Author 115,,,俄国,1814,"P, h, i, l, o, s, o, p, h, y",✅ 公版书,是,出版于1926年前
,Classic Work 116,Classic Work 116,Author 116,,,德国,1815,"H, i, s, t, o, r, y",✅ 公版书,是,出版于1926年前
,Classic Work 117,Classic Work 117,Author 117,,,意大利,1816,"A, u, t, o, b, i, o, g, r, a, p, h, y",✅ 公版书,是,出版于1926年前
,Classic Work 118,Classic Work 118,Author 118,,,西班牙,1817,"N, o, v, e, l",✅ 公版书,是,出版于1926年前
,Classic Work 119,Classic Work 119,Author 119,,,美国,1818,"P, o, e, t, r, y",✅ 公版书,是,出版于1926年前
,Classic Work 120,Classic Work 120,Author 120,,,伊朗,1819,"D, r, a, m, a",✅ 公版书,是,出版于1926年前
,Classic Work 121,Classic Work 121,Author 121,,,埃及,1820,"S, h, o, r, t,  , S, t, o, r, i, e, s",✅ 公版书,是,出版于1926年前
,Classic Work 122,Classic Work 122,Author 122,,,土耳其,1821,"E, p, i, c",✅ 公版书,是,出版于1926年前
,Classic Work 123,Classic Work 123,Author 123,,,尼日利亚,1822,"E, s, s, a, y, s",✅ 公版书,是,出版于1926年前
,Classic Work 124,Classic Work 124,Author 124,,,南非,1823,"P, h, i, l, o, s, o, p, h, y",✅ 公版书,是,出版于1926年前
,Classic Work 125,Classic Work 125,Author 125,,,澳大利亚,1824,"H, i, s, t, o, r, y",✅ 公版书,是,出版于1926年前
,Classic Work 126,Classic Work 126,Author 126,,,新西兰,1825,"A, u, t, o, b, i, o, g, r, a, p, h, y",✅ 公版书,是,出版于1926年前
,Classic Work 127,Classic Work 127,Author 127,,,中国,1826,"N, o, v, e, l",✅ 公版书,是,出版于1926年前
,Classic Work 128,Classic Work 128,Author 128,,,日本,1827,"P, o, e, t, r, y",✅ 公版书,是,出版于1926年前
,Classic Work 129,Classic Work 129,Author 129,,,印度,1828,"D, r, a, m, a",✅ 公版书,是,出版于1926年前
,Classic Work 130,Classic Work 130,Author 130,,,韩国,1829,"S, h, o, r, t,  , S, t, o, r, i, e, s",✅ 公版书,是,出版于1926年前
,Classic Work 131,Classic Work 131,Author 131,,,英国,1830,"E, p, i, c",✅ 公版书,是,出版于1926年前
,Classic Work 132,Classic Work 132,Author 132,,,法国,1831,"E, s, s, a, y, s",✅ 公版书,是,出版于1926年前
,Classic Work 133,Classic Work 133,Author 133,,,俄国,1832,"P, h, i, l, o, s, o, p, h, y",✅ 公版书,是,出版于1926年前
,Classic Work 134,Classic Work 134,Author 134,,,德国,1833,"H, i, s, t, o, r, y",✅ 公版书,是,出版于1926年前
,Classic Work 135,Classic Work 135,Author 135,,,意大利,1834,"A, u, t, o, b, i, o, g, r, a, p, h, y",✅ 公版书,是,出版于1926年前
,Classic Work 136,Classic Work 136,Author 136,,,西班牙,1835,"N, o, v, e, l",✅ 公版书,是,出版于1926年前
,Classic Work 137,Classic Work 137,Author 137,,,美国,1836,"P, o, e, t, r, y",✅ 公版书,是,出版于1926年前
,Classic Work 138,Classic Work 138,Author 138,,,伊朗,1837,"D, r, a, m, a",✅ 公版书,是,出版于1926年前
,Classic Work 139,Classic Work 139,Author 139,,,埃及,1838,"S, h, o, r, t,  , S, t, o, r, i, e, s",✅ 公版书,是,出版于1926年前
,Classic Work 140,Classic Work 140,Author 140,,,土耳其,1839,"E, p, i, c",✅ 公版书,是,出版于1926年前
,Classic Work 141,Classic Work 141,Author 141,,,尼日利亚,1840,"E, s, s, a, y, s",✅ 公版书,是,出版于1926年前
,Classic Work 142,Classic Work 142,Author 142,,,南非,1841,"P, h, i, l, o, s, o, p, h, y",✅ 公版书,是,出版于1926年前
,Classic Work 143,Classic Work 143,Author 143,,,澳大利亚,1842,"H, i, s, t, o, r, y",✅ 公版书,是,出版于1926年前
,Classic Work 144,Classic Work 144,Author 144,,,新西兰,1843,"A, u, t, o, b, i, o, g, r, a, p, h, y",✅ 公版书,是,出版于1926年前
,Classic Work 145,Classic Work 145,Author 145,,,中国,1844,"N, o, v, e, l",✅ 公版书,是,出版于1926年前
,Classic Work 146,Classic Work 146,Author 146,,,日本,1845,"P, o, e, t, r, y",✅ 公版书,是,出版于1926年前
,Classic Work 147,Classic Work 147,Author 147,,,印度,1846,"D, r, a, m, a",✅ 公版书,是,出版于1926年前
,Classic Work 148,Classic Work 148,Author 148,,,韩国,1847,"S, h, o, r, t,  , S, t, o, r, i, e, s",✅ 公版书,是,出版于1926年前
,Classic Work 149,Classic Work 149,Author 149,,,英国,1848,"E, p, i, c",✅ 公版书,是,出版于1926年前
,Classic Work 150,Classic Work 150,Author 150,,,法国,1849,"E, s, s, a, y, s",✅ 公版书,是,出版于1926年前
,Classic Work 151,Classic Work 151,Author 151,,,俄国,1850,"P, h, i, l, o, s, o, p, h, y",✅ 公版书,是,出版于1926年前
,Classic Work 152,Classic Work 152,Author 152,,,德国,1851,"H, i, s, t, o, r, y",✅ 公版书,是,出版于1926年前
,Classic Work 153,Classic Work 153,Author 153,,,意大利,1852,"A, u, t, o, b, i, o, g, r, a, p, h, y",✅ 公版书,是,出版于1926年前
,Classic Work 154,Classic Work 154,Author 154,,,西班牙,1853,"N, o, v, e, l",✅ 公版书,是,出版于1926年前
,Classic Work 155,Classic Work 155,Author 155,,,美国,1854,"P, o, e, t, r, y",✅ 公版书,是,出版于1926年前
,Classic Work 156,Classic Work 156,Author 156,,,伊朗,1855,"D, r, a, m, a",✅ 公版书,是,出版于1926年前
,Classic Work 157,Classic Work 157,Author 157,,,埃及,1856,"S, h, o, r, t,  , S, t, o, r, i, e, s",✅ 公版书,是,出版于1926年前
,Classic Work 158,Classic Work 158,Author 158,,,土耳其,1857,"E, p, i, c",✅ 公版书,是,出版于1926年前
,Classic Work 159,Classic Work 159,Author 159,,,尼日利亚,1858,"E, s, s, a, y, s",✅ 公版书,是,出版于1926年前
,Classic Work 160,Classic Work 160,Author 160,,,南非,1859,"P, h, i, l, o, s, o, p, h, y",✅ 公版书,是,出版于1926年前
,Classic Work 161,Classic Work 161,Author 161,,,澳大利亚,1860,"H, i, s, t, o, r, y",✅ 公版书,是,出版于1926年前
,Classic Work 162,Classic Work 162,Author 162,,,新西兰,1861,"A, u, t, o, b, i, o, g, r, a, p, h, y",✅ 公版书,是,出版于1926年前
,Classic Work 163,Classic Work 163,Author 163,,,中国,1862,"N, o, v, e, l",✅ 公版书,是,出版于1926年前
,Classic Work 164,Classic Work 164,Author 164,,,日本,1863,"P, o, e, t, r, y",✅ 公版书,是,出版于1926年前
,Classic Work 165,Classic Work 165,Author 165,,,印度,1864,"D, r, a, m, a",✅ 公版书,是,出版于1926年前
,Classic Work 166,Classic Work 166,Author 166,,,韩国,1865,"S, h, o, r, t,  , S, t, o, r, i, e, s",✅ 公版书,是,出版于1926年前
,Classic Work 167,Classic Work 167,Author 167,,,英国,1866,"E, p, i, c",✅ 公版书,是,出版于1926年前
,Classic Work 168,Classic Work 168,Author 168,,,法国,1867,"E, s, s, a, y, s",✅ 公版书,是,出版于1926年前
,Classic Work 169,Classic Work 169,Author 169,,,俄国,1868,"P, h, i, l, o, s, o, p, h, y",✅ 公版书,是,出版于1926年前
,Classic Work 170,Classic Work 170,Author 170,,,德国,1869,"H, i, s, t, o, r, y",✅ 公版书,是,出版于1926年前
,Classic Work 171,Classic Work 171,Author 171,,,意大利,1870,"A, u, t, o, b, i, o, g, r, a, p, h, y",✅ 公版书,是,出版于1926年前
,Classic Work 172,Classic Work 172,Author 172,,,西班牙,1871,"N, o, v, e, l",✅ 公版书,是,出版于1926年前
,Classic Work 173,Classic Work 173,Author 173,,,美国,1872,"P, o, e, t, r, y",✅ 公版书,是,出版于1926年前
,Classic Work 174,Classic Work 174,Author 174,,,伊朗,1873,"D, r, a, m, a",✅ 公版书,是,出版于1926年前
,Classic Work 175,Classic Work 175,Author 175,,,埃及,1874,"S, h, o, r, t,  , S, t, o, r, i, e, s",✅ 公版书,是,出版于1926年前
,Classic Work 176,Classic Work 176,Author 176,,,土耳其,1875,"E, p, i, c",✅ 公版书,是,出版于1926年前
,Classic Work 177,Classic Work 177,Author 177,,,尼日利亚,1876,"E, s, s, a, y, s",✅ 公版书,是,出版于1926年前
,Classic Work 178,Classic Work 178,Author 178,,,南非,1877,"P, h, i, l, o, s, o, p, h, y",✅ 公版书,是,出版于1926年前
,Classic Work 179,Classic Work 179,Author 179,,,澳大利亚,1878,"H, i, s, t, o, r, y",✅ 公版书,是,出版于1926年前
,Classic Work 180,Classic Work 180,Author 180,,,新西兰,1879,"A, u, t, o, b, i, o, g, r, a, p, h, y",✅ 公版书,是,出版于1926年前
,Classic Work 181,Classic Work 181,Author 181,,,中国,1880,"N, o, v, e, l",✅ 公版书,是,出版于1926年前
,Classic Work 182,Classic Work 182,Author 182,,,日本,1881,"P, o, e, t, r, y",✅ 公版书,是,出版于1926年前
,Classic Work 183,Classic Work 183,Author 183,,,印度,1882,"D, r, a, m, a",✅ 公版书,是,出版于1926年前
,Classic Work 184,Classic Work 184,Author 184,,,韩国,1883,"S, h, o, r, t,  , S, t, o, r, i, e, s",✅ 公版书,是,出版于1926年前
,Classic Work 185,Classic Work 185,Author 185,,,英国,1884,"E, p, i, c",✅ 公版书,是,出版于1926年前
,Classic Work 186,Classic Work 186,Author 186,,,法国,1885,"E, s, s, a, y, s",✅ 公版书,是,出版于1926年前
,Classic Work 187,Classic Work 187,Author 187,,,俄国,1886,"P, h, i, l, o, s, o, p, h, y",✅ 公版书,是,出版于1926年前
,Classic Work 188,Classic Work 188,Author 188,,,德国,1887,"H, i, s, t, o, r, y",✅ 公版书,是,出版于1926年前
,Classic Work 189,Classic Work 189,Author 189,,,意大利,1888,"A, u, t, o, b, i, o, g, r, a, p, h, y",✅ 公版书,是,出版于1926年前
,Classic Work 190,Classic Work 190,Author 190,,,西班牙,1889,"N, o, v, e, l",✅ 公版书,是,出版于1926年前
,Classic Work 191,Classic Work 191,Author 191,,,美国,1890,"P, o, e, t, r, y",✅ 公版书,是,出版于1926年前
,Classic Work 192,Classic Work 192,Author 192,,,伊朗,1891,"D, r, a, m, a",✅ 公版书,是,出版于1926年前
,Classic Work 193,Classic Work 193,Author 193,,,埃及,1892,"S, h, o, r, t,  , S, t, o, r, i, e, s",✅ 公版书,是,出版于1926年前
,Classic Work 194,Classic Work 194,Author 194,,,土耳其,1893,"E, p, i, c",✅ 公版书,是,出版于1926年前
,Classic Work 195,Classic Work 195,Author 195,,,尼日利亚,1894,"E, s, s, a, y, s",✅ 公版书,是,出版于1926年前
,Classic Work 196,Classic Work 196,Author 196,,,南非,1895,"P, h, i, l, o, s, o, p, h, y",✅ 公版书,是,出版于1926年前
,Classic Work 197,Classic Work 197,Author 197,,,澳大利亚,1896,"H, i, s, t, o, r, y",✅ 公版书,是,出版于1926年前
,Classic Work 198,Classic Work 198,Author 198,,,新西兰,1897,"A, u, t, o, b, i, o, g, r, a, p, h, y",✅ 公版书,是,出版于1926年前
,Classic Work 199,Classic Work 199,Author 199,,,中国,1898,"N, o, v, e, l",✅ 公版书,是,出版于1926年前
,Classic Work 200,Classic Work 200,Author 200,,,日本,1899,"P, o, e, t, r, y",✅ 公版书,是,出版于1926年前
,Classic Work 201,Classic Work 201,Author 201,,,印度,1700,"D, r, a, m, a",✅ 公版书,是,出版于1926年前
,Classic Work 202,Classic Work 202,Author 202,,,韩国,1701,"S, h, o, r, t,  , S, t, o, r, i, e, s",✅ 公版书,是,出版于1926年前
,Classic Work 203,Classic Work 203,Author 203,,,英国,1702,"E, p, i, c",✅ 公版书,是,出版于1926年前
,Classic Work 204,Classic Work 204,Author 204,,,法国,1703,"E, s, s, a, y, s",✅ 公版书,是,出版于1926年前
,Classic Work 205,Classic Work 205,Author 205,,,俄国,1704,"P, h, i, l, o, s, o, p, h, y",✅ 公版书,是,出版于1926年前
,Classic Work 206,Classic Work 206,Author 206,,,德国,1705,"H, i, s, t, o, r, y",✅ 公版书,是,出版于1926年前
,Classic Work 207,Classic Work 207,Author 207,,,意大利,1706,"A, u, t, o, b, i, o, g, r, a, p, h, y",✅ 公版书,是,出版于1926年前
,Classic Work 208,Classic Work 208,Author 208,,,西班牙,1707,"N, o, v, e, l",✅ 公版书,是,出版于1926年前
,Classic Work 209,Classic Work 209,Author 209,,,美国,1708,"P, o, e, t, r, y",✅ 公版书,是,出版于1926年前
,Classic Work 210,Classic Work 210,Author 210,,,伊朗,1709,"D, r, a, m, a",✅ 公版书,是,出版于1926年前
,Classic Work 211,Classic Work 211,Author 211,,,埃及,1710,"S, h, o, r, t,  , S, t, o, r, i, e, s",✅ 公版书,是,出版于1926年前
,Classic Work 212,Classic Work 212,Author 212,,,土耳其,1711,"E, p, i, c",✅ 公版书,是,出版于1926年前
,Classic Work 213,Classic Work 213,Author 213,,,尼日利亚,1712,"E, s, s, a, y, s",✅ 公版书,是,出版于1926年前
,Classic Work 214,Classic Work 214,Author 214,,,南非,1713,"P, h, i, l, o, s, o, p, h, y",✅ 公版书,是,出版于1926年前
,Classic Work 215,Classic Work 215,Author 215,,,澳大利亚,1714,"H, i, s, t, o, r, y",✅ 公版书,是,出版于1926年前
,Classic Work 216,Classic Work 216,Author 216,,,新西兰,1715,"A, u, t, o, b, i, o, g, r, a, p, h, y",✅ 公版书,是,出版于1926年前
,Classic Work 217,Classic Work 217,Author 217,,,中国,1716,"N, o, v, e, l",✅ 公版书,是,出版于1926年前
,Classic Work 218,Classic Work 218,Author 218,,,日本,1717,"P, o, e, t, r, y",✅ 公版书,是,出版于1926年前
,Classic Work 219,Classic Work 219,Author 219,,,印度,1718,"D, r, a, m, a",✅ 公版书,是,出版于1926年前
,Classic Work 220,Classic Work 220,Author 220,,,韩国,1719,"S, h, o, r, t,  , S, t, o, r, i, e, s",✅ 公版书,是,出版于1926年前
,Classic Work 221,Classic Work 221,Author 221,,,英国,1720,"E, p, i, c",✅ 公版书,是,出版于1926年前
,Classic Work 222,Classic Work 222,Author 222,,,法国,1721,"E, s, s, a, y, s",✅ 公版书,是,出版于1926年前
,Classic Work 223,Classic Work 223,Author 223,,,俄国,1722,"P, h, i, l, o, s, o, p, h, y",✅ 公版书,是,出版于1926年前
,Classic Work 224,Classic Work 224,Author 224,,,德国,1723,"H, i, s, t, o, r, y",✅ 公版书,是,出版于1926年前
,Classic Work 225,Classic Work 225,Author 225,,,意大利,1724,"A, u, t, o, b, i, o, g, r, a, p, h, y",✅ 公版书,是,出版于1926年前
,Classic Work 226,Classic Work 226,Author 226,,,西班牙,1725,"N, o, v, e, l",✅ 公版书,是,出版于1926年前
,Classic Work 227,Classic Work 227,Author 227,,,美国,1726,"P, o, e, t, r, y",✅ 公版书,是,出版于1926年前
,Classic Work 228,Classic Work 228,Author 228,,,伊朗,1727,"D, r, a, m, a",✅ 公版书,是,出版于1926年前
,Classic Work 229,Classic Work 229,Author 229,,,埃及,1728,"S, h, o, r, t,  , S, t, o, r, i, e, s",✅ 公版书,是,出版于1926年前
,Classic Work 230,Classic Work 230,Author 230,,,土耳其,1729,"E, p, i, c",✅ 公版书,是,出版于1926年前
,Classic Work 231,Classic Work 231,Author 231,,,尼日利亚,1730,"E, s, s, a, y, s",✅ 公版书,是,出版于1926年前
,Classic Work 232,Classic Work 232,Author 232,,,南非,1731,"P, h, i, l, o, s, o, p, h, y",✅ 公版书,是,出版于1926年前
,Classic Work 233,Classic Work 233,Author 233,,,澳大利亚,1732,"H, i, s, t, o, r, y",✅ 公版书,是,出版于1926年前
,Classic Work 234,Classic Work 234,Author 234,,,新西兰,1733,"A, u, t, o, b, i, o, g, r, a, p, h, y",✅ 公版书,是,出版于1926年前
,Classic Work 235,Classic Work 235,Author 235,,,中国,1734,"N, o, v, e, l",✅ 公版书,是,出版于1926年前
,Classic Work 236,Classic Work 236,Author 236,,,日本,1735,"P, o, e, t, r, y",✅ 公版书,是,出版于1926年前
,Classic Work 237,Classic Work 237,Author 237,,,印度,1736,"D, r, a, m, a",✅ 公版书,是,出版于1926年前
,Classic Work 238,Classic Work 238,Author 238,,,韩国,1737,"S, h, o, r, t,  , S, t, o, r, i, e, s",✅ 公版书,是,出版于1926年前
,Classic Work 239,Classic Work 239,Author 239,,,英国,1738,"E, p, i, c",✅ 公版书,是,出版于1926年前
,Classic Work 240,Classic Work 240,Author 240,,,法国,1739,"E, s, s, a, y, s",✅ 公版书,是,出版于1926年前
,Classic Work 241,Classic Work 241,Author 241,,,俄国,1740,"P, h, i, l, o, s, o, p, h, y",✅ 公版书,是,出版于1926年前
,Classic Work 242,Classic Work 242,Author 242,,,德国,1741,"H, i, s, t, o, r, y",✅ 公版书,是,出版于1926年前
,Classic Work 243,Classic Work 243,Author 243,,,意大利,1742,"A, u, t, o, b, i, o, g, r, a, p, h, y",✅ 公版书,是,出版于1926年前
,Classic Work 244,Classic Work 244,Author 244,,,西班牙,1743,"N, o, v, e, l",✅ 公版书,是,出版于1926年前
,Classic Work 245,Classic Work 245,Author 245,,,美国,1744,"P, o, e, t, r, y",✅ 公版书,是,出版于1926年前
,Classic Work 246,Classic Work 246,Author 246,,,伊朗,1745,"D, r, a, m, a",✅ 公版书,是,出版于1926年前
,Classic Work 247,Classic Work 247,Author 247,,,埃及,1746,"S, h, o, r, t,  , S, t, o, r, i, e, s",✅ 公版书,是,出版于1926年前
,Classic Work 248,Classic Work 248,Author 248,,,土耳其,1747,"E, p, i, c",✅ 公版书,是,出版于1926年前
,Classic Work 249,Classic Work 249,Author 249,,,尼日利亚,1748,"E, s, s, a, y, s",✅ 公版书,是,出版于1926年前
,Classic Work 250,Classic Work 250,Author 250,,,南非,1749,"P, h, i, l, o, s, o, p, h, y",✅ 公版书,是,出版于1926年前
,Classic Work 251,Classic Work 251,Author 251,,,澳大利亚,1750,"H, i, s, t, o, r, y",✅ 公版书,是,出版于1926年前
,Classic Work 252,Classic Work 252,Author 252,,,新西兰,1751,"A, u, t, o, b, i, o, g, r, a, p, h, y",✅ 公版书,是,出版于1926年前
,Classic Work 253,Classic Work 253,Author 253,,,中国,1752,"N, o, v, e, l",✅ 公版书,是,出版于1926年前
,Classic Work 254,Classic Work 254,Author 254,,,日本,1753,"P, o, e, t, r, y",✅ 公版书,是,出版于1926年前
,Classic Work 255,Classic Work 255,Author 255,,,印度,1754,"D, r, a, m, a",✅ 公版书,是,出版于1926年前
,Classic Work 256,Classic Work 256,Author 256,,,韩国,1755,"S, h, o, r, t,  , S, t, o, r, i, e, s",✅ 公版书,是,出版于1926年前
,Classic Work 257,Classic Work 257,Author 257,,,英国,1756,"E, p, i, c",✅ 公版书,是,出版于1926年前
,Classic Work 258,Classic Work 258,Author 258,,,法国,1757,"E, s, s, a, y, s",✅ 公版书,是,出版于1926年前
,Classic Work 259,Classic Work 259,Author 259,,,俄国,1758,"P, h, i, l, o, s, o, p, h, y",✅ 公版书,是,出版于1926年前
,Classic Work 260,Classic Work 260,Author 260,,,德国,1759,"H, i, s, t, o, r, y",✅ 公版书,是,出版于1926年前
,Classic Work 261,Classic Work 261,Author 261,,,意大利,1760,"A, u, t, o, b, i, o, g, r, a, p, h, y",✅ 公版书,是,出版于1926年前
,Classic Work 262,Classic Work 262,Author 262,,,西班牙,1761,"N, o, v, e, l",✅ 公版书,是,出版于1926年前
,Classic Work 263,Classic Work 263,Author 263,,,美国,1762,"P, o, e, t, r, y",✅ 公版书,是,出版于1926年前
,Classic Work 264,Classic Work 264,Author 264,,,伊朗,1763,"D, r, a, m, a",✅ 公版书,是,出版于1926年前
,Classic Work 265,Classic Work 265,Author 265,,,埃及,1764,"S, h, o, r, t,  , S, t, o, r, i, e, s",✅ 公版书,是,出版于1926年前
,Classic Work 266,Classic Work 266,Author 266,,,土耳其,1765,"E, p, i, c",✅ 公版书,是,出版于1926年前
,Classic Work 267,Classic Work 267,Author 267,,,尼日利亚,1766,"E, s, s, a, y, s",✅ 公版书,是,出版于1926年前
,Classic Work 268,Classic Work 268,Author 268,,,南非,1767,"P, h, i, l, o, s, o, p, h, y",✅ 公版书,是,出版于1926年前
,Classic Work 269,Classic Work 269,Author 269,,,澳大利亚,1768,"H, i, s, t, o, r, y",✅ 公版书,是,出版于1926年前
,Classic Work 270,Classic Work 270,Author 270,,,新西兰,1769,"A, u, t, o, b, i, o, g, r, a, p, h, y",✅ 公版书,是,出版于1926年前
,Classic Work 271,Classic Work 271,Author 271,,,中国,1770,"N, o, v, e, l",✅ 公版书,是,出版于1926年前
,Classic Work 272,Classic Work 272,Author 272,,,日本,1771,"P, o, e, t, r, y",✅ 公版书,是,出版于1926年前
,Classic Work 273,Classic Work 273,Author 273,,,印度,1772,"D, r, a, m, a",✅ 公版书,是,出版于1926年前
,Classic Work 274,Classic Work 274,Author 274,,,韩国,1773,"S, h, o, r, t,  , S, t, o, r, i, e, s",✅ 公版书,是,出版于1926年前
,Classic Work 275,Classic Work 275,Author 275,,,英国,1774,"E, p, i, c",✅ 公版书,是,出版于1926年前
,Classic Work 276,Classic Work 276,Author 276,,,法国,1775,"E, s, s, a, y, s",✅ 公版书,是,出版于1926年前
,Classic Work 277,Classic Work 277,Author 277,,,俄国,1776,"P, h, i, l, o, s, o, p, h, y",✅ 公版书,是,出版于1926年前
,Classic Work 278,Classic Work 278,Author 278,,,德国,1777,"H, i, s, t, o, r, y",✅ 公版书,是,出版于1926年前
,Classic Work 279,Classic Work 279,Author 279,,,意大利,1778,"A, u, t, o, b, i, o, g, r, a, p, h, y",✅ 公版书,是,出版于1926年前
,Classic Work 280,Classic Work 280,Author 280,,,西班牙,1779,"N, o, v, e, l",✅ 公版书,是,出版于1926年前
,Classic Work 281,Classic Work 281,Author 281,,,美国,1780,"P, o, e, t, r, y",✅ 公版书,是,出版于1926年前
,Classic Work 282,Classic Work 282,Author 282,,,伊朗,1781,"D, r, a, m, a",✅ 公版书,是,出版于1926年前
,Classic Work 283,Classic Work 283,Author 283,,,埃及,1782,"S, h, o, r, t,  , S, t, o, r, i, e, s",✅ 公版书,是,出版于1926年前
,Classic Work 284,Classic Work 284,Author 284,,,土耳其,1783,"E, p, i, c",✅ 公版书,是,出版于1926年前
,Classic Work 285,Classic Work 285,Author 285,,,尼日利亚,1784,"E, s, s, a, y, s",✅ 公版书,是,出版于1926年前
,Classic Work 286,Classic Work 286,Author 286,,,南非,1785,"P, h, i, l, o, s, o, p, h, y",✅ 公版书,是,出版于1926年前
,Classic Work 287,Classic Work 287,Author 287,,,澳大利亚,1786,"H, i, s, t, o, r, y",✅ 公版书,是,出版于1926年前
,Classic Work 288,Classic Work 288,Author 288,,,新西兰,1787,"A, u, t, o, b, i, o, g, r, a, p, h, y",✅ 公版书,是,出版于1926年前
,Classic Work 289,Classic Work 289,Author 289,,,中国,1788,"N, o, v, e, l",✅ 公版书,是,出版于1926年前
,Classic Work 290,Classic Work 290,Author 290,,,日本,1789,"P, o, e, t, r, y",✅ 公版书,是,出版于1926年前
,Classic Work 291,Classic Work 291,Author 291,,,印度,1790,"D, r, a, m, a",✅ 公版书,是,出版于1926年前
,Classic Work 292,Classic Work 292,Author 292,,,韩国,1791,"S, h, o, r, t,  , S, t, o, r, i, e, s",✅ 公版书,是,出版于1926年前
,Classic Work 293,Classic Work 293,Author 293,,,英国,1792,"E, p, i, c",✅ 公版书,是,出版于1926年前
,Classic Work 294,Classic Work 294,Author 294,,,法国,1793,"E, s, s, a, y, s",✅ 公版书,是,出版于1926年前
,Classic Work 295,Classic Work 295,Author 295,,,俄国,1794,"P, h, i, l, o, s, o, p, h, y",✅ 公版书,是,出版于1926年前
,Classic Work 296,Classic Work 296,Author 296,,,德国,1795,"H, i, s, t, o, r, y",✅ 公版书,是,出版于1926年前
,Classic Work 297,Classic Work 297,Author 297,,,意大利,1796,"A, u, t, o, b, i, o, g, r, a, p, h, y",✅ 公版书,是,出版于1926年前
,Classic Work 298,Classic Work 298,Author 298,,,西班牙,1797,"N, o, v, e, l",✅ 公版书,是,出版于1926年前
,Classic Work 299,Classic Work 299,Author 299,,,美国,1798,"P, o, e, t, r, y",✅ 公版书,是,出版于1926年前
,Classic Work 300,Classic Work 300,Author 300,,,伊朗,1799,"D, r, a, m, a",✅ 公版书,是,出版于1926年前
,Classic Work 301,Classic Work 301,Author 301,,,埃及,1800,"S, h, o, r, t,  , S, t, o, r, i, e, s",✅ 公版书,是,出版于1926年前
,Classic Work 302,Classic Work 302,Author 302,,,土耳其,1801,"E, p, i, c",✅ 公版书,是,出版于1926年前
,Classic Work 303,Classic Work 303,Author 303,,,尼日利亚,1802,"E, s, s, a, y, s",✅ 公版书,是,出版于1926年前
,Classic Work 304,Classic Work 304,Author 304,,,南非,1803,"P, h, i, l, o, s, o, p, h, y",✅ 公版书,是,出版于1926年前
,Classic Work 305,Classic Work 305,Author 305,,,澳大利亚,1804,"H, i, s, t, o, r, y",✅ 公版书,是,出版于1926年前
,Classic Work 306,Classic Work 306,Author 306,,,新西兰,1805,"A, u, t, o, b, i, o, g, r, a, p, h, y",✅ 公版书,是,出版于1926年前
,Classic Work 307,Classic Work 307,Author 307,,,中国,1806,"N, o, v, e, l",✅ 公版书,是,出版于1926年前
,Classic Work 308,Classic Work 308,Author 308,,,日本,1807,"P, o, e, t, r, y",✅ 公版书,是,出版于1926年前
,Classic Work 309,Classic Work 309,Author 309,,,印度,1808,"D, r, a, m, a",✅ 公版书,是,出版于1926年前
,Classic Work 310,Classic Work 310,Author 310,,,韩国,1809,"S, h, o, r, t,  , S, t, o, r, i, e, s",✅ 公版书,是,出版于1926年前
,Classic Work 311,Classic Work 311,Author 311,,,英国,1810,"E, p, i, c",✅ 公版书,是,出版于1926年前
,Classic Work 312,Classic Work 312,Author 312,,,法国,1811,"E, s, s, a, y, s",✅ 公版书,是,出版于1926年前
,Classic Work 313,Classic Work 313,Author 313,,,俄国,1812,"P, h, i, l, o, s, o, p, h, y",✅ 公版书,是,出版于1926年前
,Classic Work 314,Classic Work 314,Author 314,,,德国,1813,"H, i, s, t, o, r, y",✅ 公版书,是,出版于1926年前
,Classic Work 315,Classic Work 315,Author 315,,,意大利,1814,"A, u, t, o, b, i, o, g, r, a, p, h, y",✅ 公版书,是,出版于1926年前
,Classic Work 316,Classic Work 316,Author 316,,,西班牙,1815,"N, o, v, e, l",✅ 公版书,是,出版于1926年前
,Classic Work 317,Classic Work 317,Author 317,,,美国,1816,"P, o, e, t, r, y",✅ 公版书,是,出版于1926年前
,Classic Work 318,Classic Work 318,Author 318,,,伊朗,1817,"D, r, a, m, a",✅ 公版书,是,出版于1926年前
,Classic Work 319,Classic Work 319,Author 319,,,埃及,1818,"S, h, o, r, t,  , S, t, o, r, i, e, s",✅ 公版书,是,出版于1926年前
,Classic Work 320,Classic Work 320,Author 320,,,土耳其,1819,"E, p, i, c",✅ 公版书,是,出版于1926年前
,Classic Work 321,Classic Work 321,Author 321,,,尼日利亚,1820,"E, s, s, a, y, s",✅ 公版书,是,出版于1926年前
,Classic Work 322,Classic Work 322,Author 322,,,南非,1821,"P, h, i, l, o, s, o, p, h, y",✅ 公版书,是,出版于1926年前
,Classic Work 323,Classic Work 323,Author 323,,,澳大利亚,1822,"H, i, s, t, o, r, y",✅ 公版书,是,出版于1926年前
,Classic Work 324,Classic Work 324,Author 324,,,新西兰,1823,"A, u, t, o, b, i, o, g, r, a, p, h, y",✅ 公版书,是,出版于1926年前
,Classic Work 325,Classic Work 325,Author 325,,,中国,1824,"N, o, v, e, l",✅ 公版书,是,出版于1926年前
,Classic Work 326,Classic Work 326,Author 326,,,日本,1825,"P, o, e, t, r, y",✅ 公版书,是,出版于1926年前
,Classic Work 327,Classic Work 327,Author 327,,,印度,1826,"D, r, a, m, a",✅ 公版书,是,出版于1926年前
,Classic Work 328,Classic Work 328,Author 328,,,韩国,1827,"S, h, o, r, t,  , S, t, o, r, i, e, s",✅ 公版书,是,出版于1926年前
,Classic Work 329,Classic Work 329,Author 329,,,英国,1828,"E, p, i, c",✅ 公版书,是,出版于1926年前
,Classic Work 330,Classic Work 330,Author 330,,,法国,1829,"E, s, s, a, y, s",✅ 公版书,是,出版于1926年前
,Classic Work 331,Classic Work 331,Author 331,,,俄国,1830,"P, h, i, l, o, s, o, p, h, y",✅ 公版书,是,出版于1926年前
,Classic Work 332,Classic Work 332,Author 332,,,德国,1831,"H, i, s, t, o, r, y",✅ 公版书,是,出版于1926年前
,Classic Work 333,Classic Work 333,Author 333,,,意大利,1832,"A, u, t, o, b, i, o, g, r, a, p, h, y",✅ 公版书,是,出版于1926年前
,Classic Work 334,Classic Work 334,Author 334,,,西班牙,1833,"N, o, v, e, l",✅ 公版书,是,出版于1926年前
,Classic Work 335,Classic Work 335,Author 335,,,美国,1834,"P, o, e, t, r, y",✅ 公版书,是,出版于1926年前
,Classic Work 336,Classic Work 336,Author 336,,,伊朗,1835,"D, r, a, m, a",✅ 公版书,是,出版于1926年前
,Classic Work 337,Classic Work 337,Author 337,,,埃及,1836,"S, h, o, r, t,  , S, t, o, r, i, e, s",✅ 公版书,是,出版于1926年前
,Classic Work 338,Classic Work 338,Author 338,,,土耳其,1837,"E, p, i, c",✅ 公版书,是,出版于1926年前
,Classic Work 339,Classic Work 339,Author 339,,,尼日利亚,1838,"E, s, s, a, y, s",✅ 公版书,是,出版于1926年前
,Classic Work 340,Classic Work 340,Author 340,,,南非,1839,"P, h, i, l, o, s, o, p, h, y",✅ 公版书,是,出版于1926年前
,Classic Work 341,Classic Work 341,Author 341,,,澳大利亚,1840,"H, i, s, t, o, r, y",✅ 公版书,是,出版于1926年前
,Classic Work 342,Classic Work 342,Author 342,,,新西兰,1841,"A, u, t, o, b, i, o, g, r, a, p, h, y",✅ 公版书,是,出版于1926年前
,Classic Work 343,Classic Work 343,Author 343,,,中国,1842,"N, o, v, e, l",✅ 公版书,是,出版于1926年前
,Classic Work 344,Classic Work 344,Author 344,,,日本,1843,"P, o, e, t, r, y",✅ 公版书,是,出版于1926年前
,Classic Work 345,Classic Work 345,Author 345,,,印度,1844,"D, r, a, m, a",✅ 公版书,是,出版于1926年前
,Classic Work 346,Classic Work 346,Author 346,,,韩国,1845,"S, h, o, r, t,  , S, t, o, r, i, e, s",✅ 公版书,是,出版于1926年前
,Classic Work 347,Classic Work 347,Author 347,,,英国,1846,"E, p, i, c",✅ 公版书,是,出版于1926年前
,Classic Work 348,Classic Work 348,Author 348,,,法国,1847,"E, s, s, a, y, s",✅ 公版书,是,出版于1926年前
,Classic Work 349,Classic Work 349,Author 349,,,俄国,1848,"P, h, i, l, o, s, o, p, h, y",✅ 公版书,是,出版于1926年前
,Classic Work 350,Classic Work 350,Author 350,,,德国,1849,"H, i, s, t, o, r, y",✅ 公版书,是,出版于1926年前
,Classic Work 351,Classic Work 351,Author 351,,,意大利,1850,"A, u, t, o, b, i, o, g, r, a, p, h, y",✅ 公版书,是,出版于1926年前
,Classic Work 352,Classic Work 352,Author 352,,,西班牙,1851,"N, o, v, e, l",✅ 公版书,是,出版于1926年前
,Classic Work 353,Classic Work 353,Author 353,,,美国,1852,"P, o, e, t, r, y",✅ 公版书,是,出版于1926年前
,Classic Work 354,Classic Work 354,Author 354,,,伊朗,1853,"D, r, a, m, a",✅ 公版书,是,出版于1926年前
,Classic Work 355,Classic Work 355,Author 355,,,埃及,1854,"S, h, o, r, t,  , S, t, o, r, i, e, s",✅ 公版书,是,出版于1926年前
,Classic Work 356,Classic Work 356,Author 356,,,土耳其,1855,"E, p, i, c",✅ 公版书,是,出版于1926年前
,Classic Work 357,Classic Work 357,Author 357,,,尼日利亚,1856,"E, s, s, a, y, s",✅ 公版书,是,出版于1926年前
,Classic Work 358,Classic Work 358,Author 358,,,南非,1857,"P, h, i, l, o, s, o, p, h, y",✅ 公版书,是,出版于1926年前
,Classic Work 359,Classic Work 359,Author 359,,,澳大利亚,1858,"H, i, s, t, o, r, y",✅ 公版书,是,出版于1926年前
,Classic Work 360,Classic Work 360,Author 360,,,新西兰,1859,"A, u, t, o, b, i, o, g, r, a, p, h, y",✅ 公版书,是,出版于1926年前
,Classic Work 361,Classic Work 361,Author 361,,,中国,1860,"N, o, v, e, l",✅ 公版书,是,出版于1926年前
,Classic Work 362,Classic Work 362,Author 362,,,日本,1861,"P, o, e, t, r, y",✅ 公版书,是,出版于1926年前
,Classic Work 363,Classic Work 363,Author 363,,,印度,1862,"D, r, a, m, a",✅ 公版书,是,出版于1926年前
,Classic Work 364,Classic Work 364,Author 364,,,韩国,1863,"S, h, o, r, t,  , S, t, o, r, i, e, s",✅ 公版书,是,出版于1926年前
,Classic Work 365,Classic Work 365,Author 365,,,英国,1864,"E, p, i, c",✅ 公版书,是,出版于1926年前
,Classic Work 366,Classic Work 366,Author 366,,,法国,1865,"E, s, s, a, y, s",✅ 公版书,是,出版于1926年前
,Classic Work 367,Classic Work 367,Author 367,,,俄国,1866,"P, h, i, l, o, s, o, p, h, y",✅ 公版书,是,出版于1926年前
,Classic Work 368,Classic Work 368,Author 368,,,德国,1867,"H, i, s, t, o, r, y",✅ 公版书,是,出版于1926年前
,Classic Work 369,Classic Work 369,Author 369,,,意大利,1868,"A, u, t, o, b, i, o, g, r, a, p, h, y",✅ 公版书,是,出版于1926年前
,Classic Work 370,Classic Work 370,Author 370,,,西班牙,1869,"N, o, v, e, l",✅ 公版书,是,出版于1926年前
,Classic Work 371,Classic Work 371,Author 371,,,美国,1870,"P, o, e, t, r, y",✅ 公版书,是,出版于1926年前
,Classic Work 372,Classic Work 372,Author 372,,,伊朗,1871,"D, r, a, m, a",✅ 公版书,是,出版于1926年前
,Classic Work 373,Classic Work 373,Author 373,,,埃及,1872,"S, h, o, r, t,  , S, t, o, r, i, e, s",✅ 公版书,是,出版于1926年前
,Classic Work 374,Classic Work 374,Author 374,,,土耳其,1873,"E, p, i, c",✅ 公版书,是,出版于1926年前
,Classic Work 375,Classic Work 375,Author 375,,,尼日利亚,1874,"E, s, s, a, y, s",✅ 公版书,是,出版于1926年前
,Classic Work 376,Classic Work 376,Author 376,,,南非,1875,"P, h, i, l, o, s, o, p, h, y",✅ 公版书,是,出版于1926年前
,Classic Work 377,Classic Work 377,Author 377,,,澳大利亚,1876,"H, i, s, t, o, r, y",✅ 公版书,是,出版于1926年前
,Classic Work 378,Classic Work 378,Author 378,,,新西兰,1877,"A, u, t, o, b, i, o, g, r, a, p, h, y",✅ 公版书,是,出版于1926年前
,Classic Work 379,Classic Work 379,Author 379,,,中国,1878,"N, o, v, e, l",✅ 公版书,是,出版于1926年前
,Classic Work 380,Classic Work 380,Author 380,,,日本,1879,"P, o, e, t, r, y",✅ 公版书,是,出版于1926年前
,Classic Work 381,Classic Work 381,Author 381,,,印度,1880,"D, r, a, m, a",✅ 公版书,是,出版于1926年前
,Classic Work 382,Classic Work 382,Author 382,,,韩国,1881,"S, h, o, r, t,  , S, t, o, r, i, e, s",✅ 公版书,是,出版于1926年前
,Classic Work 383,Classic Work 383,Author 383,,,英国,1882,"E, p, i, c",✅ 公版书,是,出版于1926年前
,Classic Work 384,Classic Work 384,Author 384,,,法国,1883,"E, s, s, a, y, s",✅ 公版书,是,出版于1926年前
,Classic Work 385,Classic Work 385,Author 385,,,俄国,1884,"P, h, i, l, o, s, o, p, h, y",✅ 公版书,是,出版于1926年前
,Classic Work 386,Classic Work 386,Author 386,,,德国,1885,"H, i, s, t, o, r, y",✅ 公版书,是,出版于1926年前
,Classic Work 387,Classic Work 387,Author 387,,,意大利,1886,"A, u, t, o, b, i, o, g, r, a, p, h, y",✅ 公版书,是,出版于1926年前
,Classic Work 388,Classic Work 388,Author 388,,,西班牙,1887,"N, o, v, e, l",✅ 公版书,是,出版于1926年前
,Classic Work 389,Classic Work 389,Author 389,,,美国,1888,"P, o, e, t, r, y",✅ 公版书,是,出版于1926年前
,Classic Work 390,Classic Work 390,Author 390,,,伊朗,1889,"D, r, a, m, a",✅ 公版书,是,出版于1926年前
,Classic Work 391,Classic Work 391,Author 391,,,埃及,1890,"S, h, o, r, t,  , S, t, o, r, i, e, s",✅ 公版书,是,出版于1926年前
,Classic Work 392,Classic Work 392,Author 392,,,土耳其,1891,"E, p, i, c",✅ 公版书,是,出版于1926年前
,Classic Work 393,Classic Work 393,Author 393,,,尼日利亚,1892,"E, s, s, a, y, s",✅ 公版书,是,出版于1926年前
,Classic Work 394,Classic Work 394,Author 394,,,南非,1893,"P, h, i, l, o, s, o, p, h, y",✅ 公版书,是,出版于1926年前
,Classic Work 395,Classic Work 395,Author 395,,,澳大利亚,1894,"H, i, s, t, o, r, y",✅ 公版书,是,出版于1926年前
,Classic Work 396,Classic Work 396,Author 396,,,新西兰,1895,"A, u, t, o, b, i, o, g, r, a, p, h, y",✅ 公版书,是,出版于1926年前
,Classic Work 397,Classic Work 397,Author 397,,,中国,1896,"N, o, v, e, l",✅ 公版书,是,出版于1926年前
,Classic Work 398,Classic Work 398,Author 398,,,日本,1897,"P, o, e, t, r, y",✅ 公版书,是,出版于1926年前
,Classic Work 399,Classic Work 399,Author 399,,,印度,1898,"D, r, a, m, a",✅ 公版书,是,出版于1926年前
,Classic Work 400,Classic Work 400,Author 400,,,韩国,1899,"S, h, o, r, t,  , S, t, o, r, i, e, s",✅ 公版书,是,出版于1926年前
,Classic Work 401,Classic Work 401,Author 401,,,英国,1700,"E, p, i, c",✅ 公版书,是,出版于1926年前
,Classic Work 402,Classic Work 402,Author 402,,,法国,1701,"E, s, s, a, y, s",✅ 公版书,是,出版于1926年前
,Classic Work 403,Classic Work 403,Author 403,,,俄国,1702,"P, h, i, l, o, s, o, p, h, y",✅ 公版书,是,出版于1926年前
,Classic Work 404,Classic Work 404,Author 404,,,德国,1703,"H, i, s, t, o, r, y",✅ 公版书,是,出版于1926年前
,Classic Work 405,Classic Work 405,Author 405,,,意大利,1704,"A, u, t, o, b, i, o, g, r, a, p, h, y",✅ 公版书,是,出版于1926年前
,Classic Work 406,Classic Work 406,Author 406,,,西班牙,1705,"N, o, v, e, l",✅ 公版书,是,出版于1926年前
,Classic Work 407,Classic Work 407,Author 407,,,美国,1706,"P, o, e, t, r, y",✅ 公版书,是,出版于1926年前
,Classic Work 408,Classic Work 408,Author 408,,,伊朗,1707,"D, r, a, m, a",✅ 公版书,是,出版于1926年前
,Classic Work 409,Classic Work 409,Author 409,,,埃及,1708,"S, h, o, r, t,  , S, t, o, r, i, e, s",✅ 公版书,是,出版于1926年前
,Classic Work 410,Classic Work 410,Author 410,,,土耳其,1709,"E, p, i, c",✅ 公版书,是,出版于1926年前
,Classic Work 411,Classic Work 411,Author 411,,,尼日利亚,1710,"E, s, s, a, y, s",✅ 公版书,是,出版于1926年前
,Classic Work 412,Classic Work 412,Author 412,,,南非,1711,"P, h, i, l, o, s, o, p, h, y",✅ 公版书,是,出版于1926年前
,Classic Work 413,Classic Work 413,Author 413,,,澳大利亚,1712,"H, i, s, t, o, r, y",✅ 公版书,是,出版于1926年前
,Classic Work 414,Classic Work 414,Author 414,,,新西兰,1713,"A, u, t, o, b, i, o, g, r, a, p, h, y",✅ 公版书,是,出版于1926年前
,Classic Work 415,Classic Work 415,Author 415,,,中国,1714,"N, o, v, e, l",✅ 公版书,是,出版于1926年前
,Classic Work 416,Classic Work 416,Author 416,,,日本,1715,"P, o, e, t, r, y",✅ 公版书,是,出版于1926年前
,Classic Work 417,Classic Work 417,Author 417,,,印度,1716,"D, r, a, m, a",✅ 公版书,是,出版于1926年前
,Classic Work 418,Classic Work 418,Author 418,,,韩国,1717,"S, h, o, r, t,  , S, t, o, r, i, e, s",✅ 公版书,是,出版于1926年前
,Classic Work 419,Classic Work 419,Author 419,,,英国,1718,"E, p, i, c",✅ 公版书,是,出版于1926年前
,Classic Work 420,Classic Work 420,Author 420,,,法国,1719,"E, s, s, a, y, s",✅ 公版书,是,出版于1926年前
,Classic Work 421,Classic Work 421,Author 421,,,俄国,1720,"P, h, i, l, o, s, o, p, h, y",✅ 公版书,是,出版于1926年前
,Classic Work 422,Classic Work 422,Author 422,,,德国,1721,"H, i, s, t, o, r, y",✅ 公版书,是,出版于1926年前
,Classic Work 423,Classic Work 423,Author 423,,,意大利,1722,"A, u, t, o, b, i, o, g, r, a, p, h, y",✅ 公版书,是,出版于1926年前
,Classic Work 424,Classic Work 424,Author 424,,,西班牙,1723,"N, o, v, e, l",✅ 公版书,是,出版于1926年前
,Classic Work 425,Classic Work 425,Author 425,,,美国,1724,"P, o, e, t, r, y",✅ 公版书,是,出版于1926年前
,Classic Work 426,Classic Work 426,Author 426,,,伊朗,1725,"D, r, a, m, a",✅ 公版书,是,出版于1926年前
,Classic Work 427,Classic Work 427,Author 427,,,埃及,1726,"S, h, o, r, t,  , S, t, o, r, i, e, s",✅ 公版书,是,出版于1926年前
,Classic Work 428,Classic Work 428,Author 428,,,土耳其,1727,"E, p, i, c",✅ 公版书,是,出版于1926年前
,Classic Work 429,Classic Work 429,Author 429,,,尼日利亚,1728,"E, s, s, a, y, s",✅ 公版书,是,出版于1926年前
,Classic Work 430,Classic Work 430,Author 430,,,南非,1729,"P, h, i, l, o, s, o, p, h, y",✅ 公版书,是,出版于1926年前
,Classic Work 431,Classic Work 431,Author 431,,,澳大利亚,1730,"H, i, s, t, o, r, y",✅ 公版书,是,出版于1926年前
,Classic Work 432,Classic Work 432,Author 432,,,新西兰,1731,"A, u, t, o, b, i, o, g, r, a, p, h, y",✅ 公版书,是,出版于1926年前
,Classic Work 433,Classic Work 433,Author 433,,,中国,1732,"N, o, v, e, l",✅ 公版书,是,出版于1926年前
,Classic Work 434,Classic Work 434,Author 434,,,日本,1733,"P, o, e, t, r, y",✅ 公版书,是,出版于1926年前
,Classic Work 435,Classic Work 435,Author 435,,,印度,1734,"D, r, a, m, a",✅ 公版书,是,出版于1926年前
,Classic Work 436,Classic Work 436,Author 436,,,韩国,1735,"S, h, o, r, t,  , S, t, o, r, i, e, s",✅ 公版书,是,出版于1926年前
,Classic Work 437,Classic Work 437,Author 437,,,英国,1736,"E, p, i, c",✅ 公版书,是,出版于1926年前
,Classic Work 438,Classic Work 438,Author 438,,,法国,1737,"E, s, s, a, y, s",✅ 公版书,是,出版于1926年前
,Classic Work 439,Classic Work 439,Author 439,,,俄国,1738,"P, h, i, l, o, s, o, p, h, y",✅ 公版书,是,出版于1926年前
,Classic Work 440,Classic Work 440,Author 440,,,德国,1739,"H, i, s, t, o, r, y",✅ 公版书,是,出版于1926年前
,Classic Work 441,Classic Work 441,Author 441,,,意大利,1740,"A, u, t, o, b, i, o, g, r, a, p, h, y",✅ 公版书,是,出版于1926年前
,Classic Work 442,Classic Work 442,Author 442,,,西班牙,1741,"N, o, v, e, l",✅ 公版书,是,出版于1926年前
,Classic Work 443,Classic Work 443,Author 443,,,美国,1742,"P, o, e, t, r, y",✅ 公版书,是,出版于1926年前
,Classic Work 444,Classic Work 444,Author 444,,,伊朗,1743,"D, r, a, m, a",✅ 公版书,是,出版于1926年前
,Classic Work 445,Classic Work 445,Author 445,,,埃及,1744,"S, h, o, r, t,  , S, t, o, r, i, e, s",✅ 公版书,是,出版于1926年前
,Classic Work 446,Classic Work 446,Author 446,,,土耳其,1745,"E, p, i, c",✅ 公版书,是,出版于1926年前
,Classic Work 447,Classic Work 447,Author 447,,,尼日利亚,1746,"E, s, s, a, y, s",✅ 公版书,是,出版于1926年前
,Classic Work 448,Classic Work 448,Author 448,,,南非,1747,"P, h, i, l, o, s, o, p, h, y",✅ 公版书,是,出版于1926年前
,Classic Work 449,Classic Work 449,Author 449,,,澳大利亚,1748,"H, i, s, t, o, r, y",✅ 公版书,是,出版于1926年前
,Classic Work 450,Classic Work 450,Author 450,,,新西兰,1749,"A, u, t, o, b, i, o, g, r, a, p, h, y",✅ 公版书,是,出版于1926年前
,Classic Work 451,Classic Work 451,Author 451,,,中国,1750,"N, o, v, e, l",✅ 公版书,是,出版于1926年前
,Classic Work 452,Classic Work 452,Author 452,,,日本,1751,"P, o, e, t, r, y",✅ 公版书,是,出版于1926年前
,Classic Work 453,Classic Work 453,Author 453,,,印度,1752,"D, r, a, m, a",✅ 公版书,是,出版于1926年前
,Classic Work 454,Classic Work 454,Author 454,,,韩国,1753,"S, h, o, r, t,  , S, t, o, r, i, e, s",✅ 公版书,是,出版于1926年前
,Classic Work 455,Classic Work 455,Author 455,,,英国,1754,"E, p, i, c",✅ 公版书,是,出版于1926年前
,Classic Work 456,Classic Work 456,Author 456,,,法国,1755,"E, s, s, a, y, s",✅ 公版书,是,出版于1926年前
,Classic Work 457,Classic Work 457,Author 457,,,俄国,1756,"P, h, i, l, o, s, o, p, h, y",✅ 公版书,是,出版于1926年前
,Classic Work 458,Classic Work 458,Author 458,,,德国,1757,"H, i, s, t, o, r, y",✅ 公版书,是,出版于1926年前
,Classic Work 459,Classic Work 459,Author 459,,,意大利,1758,"A, u, t, o, b, i, o, g, r, a, p, h, y",✅ 公版书,是,出版于1926年前
,Classic Work 460,Classic Work 460,Author 460,,,西班牙,1759,"N, o, v, e, l",✅ 公版书,是,出版于1926年前
,Classic Work 461,Classic Work 461,Author 461,,,美国,1760,"P, o, e, t, r, y",✅ 公版书,是,出版于1926年前
,Classic Work 462,Classic Work 462,Author 462,,,伊朗,1761,"D, r, a, m, a",✅ 公版书,是,出版于1926年前
,Classic Work 463,Classic Work 463,Author 463,,,埃及,1762,"S, h, o, r, t,  , S, t, o, r, i, e, s",✅ 公版书,是,出版于1926年前
,Classic Work 464,Classic Work 464,Author 464,,,土耳其,1763,"E, p, i, c",✅ 公版书,是,出版于1926年前
,Classic Work 465,Classic Work 465,Author 465,,,尼日利亚,1764,"E, s, s, a, y, s",✅ 公版书,是,出版于1926年前
,Classic Work 466,Classic Work 466,Author 466,,,南非,1765,"P, h, i, l, o, s, o, p, h, y",✅ 公版书,是,出版于1926年前
,Classic Work 467,Classic Work 467,Author 467,,,澳大利亚,1766,"H, i, s, t, o, r, y",✅ 公版书,是,出版于1926年前
,Classic Work 468,Classic Work 468,Author 468,,,新西兰,1767,"A, u, t, o, b, i, o, g, r, a, p, h, y",✅ 公版书,是,出版于1926年前
,Classic Work 469,Classic Work 469,Author 469,,,中国,1768,"N, o, v, e, l",✅ 公版书,是,出版于1926年前
,Classic Work 470,Classic Work 470,Author 470,,,日本,1769,"P, o, e, t, r, y",✅ 公版书,是,出版于1926年前
,Classic Work 471,Classic Work 471,Author 471,,,印度,1770,"D, r, a, m, a",✅ 公版书,是,出版于1926年前
,Classic Work 472,Classic Work 472,Author 472,,,韩国,1771,"S, h, o, r, t,  , S, t, o, r, i, e, s",✅ 公版书,是,出版于1926年前
,Classic Work 473,Classic Work 473,Author 473,,,英国,1772,"E, p, i, c",✅ 公版书,是,出版于1926年前
,Classic Work 474,Classic Work 474,Author 474,,,法国,1773,"E, s, s, a, y, s",✅ 公版书,是,出版于1926年前
,Classic Work 475,Classic Work 475,Author 475,,,俄国,1774,"P, h, i, l, o, s, o, p, h, y",✅ 公版书,是,出版于1926年前
,Classic Work 476,Classic Work 476,Author 476,,,德国,1775,"H, i, s, t, o, r, y",✅ 公版书,是,出版于1926年前
,Classic Work 477,Classic Work 477,Author 477,,,意大利,1776,"A, u, t, o, b, i, o, g, r, a, p, h, y",✅ 公版书,是,出版于1926年前
,Classic Work 478,Classic Work 478,Author 478,,,西班牙,1777,"N, o, v, e, l",✅ 公版书,是,出版于1926年前
,Classic Work 479,Classic Work 479,Author 479,,,美国,1778,"P, o, e, t, r, y",✅ 公版书,是,出版于1926年前
,Classic Work 480,Classic Work 480,Author 480,,,伊朗,1779,"D, r, a, m, a",✅ 公版书,是,出版于1926年前
,Classic Work 481,Classic Work 481,Author 481,,,埃及,1780,"S, h, o, r, t,  , S, t, o, r, i, e, s",✅ 公版书,是,出版于1926年前
,Classic Work 482,Classic Work 482,Author 482,,,土耳其,1781,"E, p, i, c",✅ 公版书,是,出版于1926年前
,Classic Work 483,Classic Work 483,Author 483,,,尼日利亚,1782,"E, s, s, a, y, s",✅ 公版书,是,出版于1926年前
,Classic Work 484,Classic Work 484,Author 484,,,南非,1783,"P, h, i, l, o, s, o, p, h, y",✅ 公版书,是,出版于1926年前
,Classic Work 485,Classic Work 485,Author 485,,,澳大利亚,1784,"H, i, s, t, o, r, y",✅ 公版书,是,出版于1926年前
,Classic Work 486,Classic Work 486,Author 486,,,新西兰,1785,"A, u, t, o, b, i, o, g, r, a, p, h, y",✅ 公版书,是,出版于1926年前
,Classic Work 487,Classic Work 487,Author 487,,,中国,1786,"N, o, v, e, l",✅ 公版书,是,出版于1926年前
,Classic Work 488,Classic Work 488,Author 488,,,日本,1787,"P, o, e, t, r, y",✅ 公版书,是,出版于1926年前
,Classic Work 489,Classic Work 489,Author 489,,,印度,1788,"D, r, a, m, a",✅ 公版书,是,出版于1926年前
,Classic Work 490,Classic Work 490,Author 490,,,韩国,1789,"S, h, o, r, t,  , S, t, o, r, i, e, s",✅ 公版书,是,出版于1926年前
,Classic Work 491,Classic Work 491,Author 491,,,英国,1790,"E, p, i, c",✅ 公版书,是,出版于1926年前
,Classic Work 492,Classic Work 492,Author 492,,,法国,1791,"E, s, s, a, y, s",✅ 公版书,是,出版于1926年前
,Classic Work 493,Classic Work 493,Author 493,,,俄国,1792,"P, h, i, l, o, s, o, p, h, y",✅ 公版书,是,出版于1926年前
,Classic Work 494,Classic Work 494,Author 494,,,德国,1793,"H, i, s, t, o, r, y",✅ 公版书,是,出版于1926年前
,Classic Work 495,Classic Work 495,Author 495,,,意大利,1794,"A, u, t, o, b, i, o, g, r, a, p, h, y",✅ 公版书,是,出版于1926年前
,Classic Work 496,Classic Work 496,Author 496,,,西班牙,1795,"N, o, v, e, l",✅ 公版书,是,出版于1926年前
,Classic Work 497,Classic Work 497,Author 497,,,美国,1796,"P, o, e, t, r, y",✅ 公版书,是,出版于1926年前
,Classic Work 498,Classic Work 498,Author 498,,,伊朗,1797,"D, r, a, m, a",✅ 公版书,是,出版于1926年前
,Classic Work 499,Classic Work 499,Author 499,,,埃及,1798,"S, h, o, r, t,  , S, t, o, r, i, e, s",✅ 公版书,是,出版于1926年前
,Classic Work 500,Classic Work 500,Author 500,,,土耳其,1799,"E, p, i, c",✅ 公版书,是,出版于1926年前
,Classic Work 501,Classic Work 501,Author 501,,,尼日利亚,1800,"E, s, s, a, y, s",✅ 公版书,是,出版于1926年前
,Classic Work 502,Classic Work 502,Author 502,,,南非,1801,"P, h, i, l, o, s, o, p, h, y",✅ 公版书,是,出版于1926年前
,Classic Work 503,Classic Work 503,Author 503,,,澳大利亚,1802,"H, i, s, t, o, r, y",✅ 公版书,是,出版于1926年前
,Classic Work 504,Classic Work 504,Author 504,,,新西兰,1803,"A, u, t, o, b, i, o, g, r, a, p, h, y",✅ 公版书,是,出版于1926年前
,Classic Work 505,Classic Work 505,Author 505,,,中国,1804,"N, o, v, e, l",✅ 公版书,是,出版于1926年前
,Classic Work 506,Classic Work 506,Author 506,,,日本,1805,"P, o, e, t, r, y",✅ 公版书,是,出版于1926年前
,Classic Work 507,Classic Work 507,Author 507,,,印度,1806,"D, r, a, m, a",✅ 公版书,是,出版于1926年前
,Classic Work 508,Classic Work 508,Author 508,,,韩国,1807,"S, h, o, r, t,  , S, t, o, r, i, e, s",✅ 公版书,是,出版于1926年前
,Classic Work 509,Classic Work 509,Author 509,,,英国,1808,"E, p, i, c",✅ 公版书,是,出版于1926年前
,Classic Work 510,Classic Work 510,Author 510,,,法国,1809,"E, s, s, a, y, s",✅ 公版书,是,出版于1926年前
,Classic Work 511,Classic Work 511,Author 511,,,俄国,1810,"P, h, i, l, o, s, o, p, h, y",✅ 公版书,是,出版于1926年前
,Classic Work 512,Classic Work 512,Author 512,,,德国,1811,"H, i, s, t, o, r, y",✅ 公版书,是,出版于1926年前
,Classic Work 513,Classic Work 513,Author 513,,,意大利,1812,"A, u, t, o, b, i, o, g, r, a, p, h, y",✅ 公版书,是,出版于1926年前
,Classic Work 514,Classic Work 514,Author 514,,,西班牙,1813,"N, o, v, e, l",✅ 公版书,是,出版于1926年前
,Classic Work 515,Classic Work 515,Author 515,,,美国,1814,"P, o, e, t, r, y",✅ 公版书,是,出版于1926年前
,Classic Work 516,Classic Work 516,Author 516,,,伊朗,1815,"D, r, a, m, a",✅ 公版书,是,出版于1926年前
,Classic Work 517,Classic Work 517,Author 517,,,埃及,1816,"S, h, o, r, t,  , S, t, o, r, i, e, s",✅ 公版书,是,出版于1926年前
,Classic Work 518,Classic Work 518,Author 518,,,土耳其,1817,"E, p, i, c",✅ 公版书,是,出版于1926年前
,Classic Work 519,Classic Work 519,Author 519,,,尼日利亚,1818,"E, s, s, a, y, s",✅ 公版书,是,出版于1926年前
,Classic Work 520,Classic Work 520,Author 520,,,南非,1819,"P, h, i, l, o, s, o, p, h, y",✅ 公版书,是,出版于1926年前
,Classic Work 521,Classic Work 521,Author 521,,,澳大利亚,1820,"H, i, s, t, o, r, y",✅ 公版书,是,出版于1926年前
,Classic Work 522,Classic Work 522,Author 522,,,新西兰,1821,"A, u, t, o, b, i, o, g, r, a, p, h, y",✅ 公版书,是,出版于1926年前
,Classic Work 523,Classic Work 523,Author 523,,,中国,1822,"N, o, v, e, l",✅ 公版书,是,出版于1926年前
,Classic Work 524,Classic Work 524,Author 524,,,日本,1823,"P, o, e, t, r, y",✅ 公版书,是,出版于1926年前
,Classic Work 525,Classic Work 525,Author 525,,,印度,1824,"D, r, a, m, a",✅ 公版书,是,出版于1926年前
,Classic Work 526,Classic Work 526,Author 526,,,韩国,1825,"S, h, o, r, t,  , S, t, o, r, i, e, s",✅ 公版书,是,出版于1926年前
,Classic Work 527,Classic Work 527,Author 527,,,英国,1826,"E, p, i, c",✅ 公版书,是,出版于1926年前
,Classic Work 528,Classic Work 528,Author 528,,,法国,1827,"E, s, s, a, y, s",✅ 公版书,是,出版于1926年前
,Classic Work 529,Classic Work 529,Author 529,,,俄国,1828,"P, h, i, l, o, s, o, p, h, y",✅ 公版书,是,出版于1926年前
,Classic Work 530,Classic Work 530,Author 530,,,德国,1829,"H, i, s, t, o, r, y",✅ 公版书,是,出版于1926年前
,Classic Work 531,Classic Work 531,Author 531,,,意大利,1830,"A, u, t, o, b, i, o, g, r, a, p, h, y",✅ 公版书,是,出版于1926年前
,Classic Work 532,Classic Work 532,Author 532,,,西班牙,1831,"N, o, v, e, l",✅ 公版书,是,出版于1926年前
,Classic Work 533,Classic Work 533,Author 533,,,美国,1832,"P, o, e, t, r, y",✅ 公版书,是,出版于1926年前
,Classic Work 534,Classic Work 534,Author 534,,,伊朗,1833,"D, r, a, m, a",✅ 公版书,是,出版于1926年前
,Classic Work 535,Classic Work 535,Author 535,,,埃及,1834,"S, h, o, r, t,  , S, t, o, r, i, e, s",✅ 公版书,是,出版于1926年前
,Classic Work 536,Classic Work 536,Author 536,,,土耳其,1835,"E, p, i, c",✅ 公版书,是,出版于1926年前
,Classic Work 537,Classic Work 537,Author 537,,,尼日利亚,1836,"E, s, s, a, y, s",✅ 公版书,是,出版于1926年前
,Classic Work 538,Classic Work 538,Author 538,,,南非,1837,"P, h, i, l, o, s, o, p, h, y",✅ 公版书,是,出版于1926年前
,Classic Work 539,Classic Work 539,Author 539,,,澳大利亚,1838,"H, i, s, t, o, r, y",✅ 公版书,是,出版于1926年前
,Classic Work 540,Classic Work 540,Author 540,,,新西兰,1839,"A, u, t, o, b, i, o, g, r, a, p, h, y",✅ 公版书,是,出版于1926年前
,Classic Work 541,Classic Work 541,Author 541,,,中国,1840,"N, o, v, e, l",✅ 公版书,是,出版于1926年前
,Classic Work 542,Classic Work 542,Author 542,,,日本,1841,"P, o, e, t, r, y",✅ 公版书,是,出版于1926年前
,Classic Work 543,Classic Work 543,Author 543,,,印度,1842,"D, r, a, m, a",✅ 公版书,是,出版于1926年前
,Classic Work 544,Classic Work 544,Author 544,,,韩国,1843,"S, h, o, r, t,  , S, t, o, r, i, e, s",✅ 公版书,是,出版于1926年前
,Classic Work 545,Classic Work 545,Author 545,,,英国,1844,"E, p, i, c",✅ 公版书,是,出版于1926年前
,Classic Work 546,Classic Work 546,Author 546,,,法国,1845,"E, s, s, a, y, s",✅ 公版书,是,出版于1926年前
,Classic Work 547,Classic Work 547,Author 547,,,俄国,1846,"P, h, i, l, o, s, o, p, h, y",✅ 公版书,是,出版于1926年前
,Classic Work 548,Classic Work 548,Author 548,,,德国,1847,"H, i, s, t, o, r, y",✅ 公版书,是,出版于1926年前
,Classic Work 549,Classic Work 549,Author 549,,,意大利,1848,"A, u, t, o, b, i, o, g, r, a, p, h, y",✅ 公版书,是,出版于1926年前
,Classic Work 550,Classic Work 550,Author 550,,,西班牙,1849,"N, o, v, e, l",✅ 公版书,是,出版于1926年前
,Classic Work 551,Classic Work 551,Author 551,,,美国,1850,"P, o, e, t, r, y",✅ 公版书,是,出版于1926年前
,Classic Work 552,Classic Work 552,Author 552,,,伊朗,1851,"D, r, a, m, a",✅ 公版书,是,出版于1926年前
,Classic Work 553,Classic Work 553,Author 553,,,埃及,1852,"S, h, o, r, t,  , S, t, o, r, i, e, s",✅ 公版书,是,出版于1926年前
,Classic Work 554,Classic Work 554,Author 554,,,土耳其,1853,"E, p, i, c",✅ 公版书,是,出版于1926年前
,Classic Work 555,Classic Work 555,Author 555,,,尼日利亚,1854,"E, s, s, a, y, s",✅ 公版书,是,出版于1926年前
,Classic Work 556,Classic Work 556,Author 556,,,南非,1855,"P, h, i, l, o, s, o, p, h, y",✅ 公版书,是,出版于1926年前
,Classic Work 557,Classic Work 557,Author 557,,,澳大利亚,1856,"H, i, s, t, o, r, y",✅ 公版书,是,出版于1926年前
,Classic Work 558,Classic Work 558,Author 558,,,新西兰,1857,"A, u, t, o, b, i, o, g, r, a, p, h, y",✅ 公版书,是,出版于1926年前
,Classic Work 559,Classic Work 559,Author 559,,,中国,1858,"N, o, v, e, l",✅ 公版书,是,出版于1926年前
,Classic Work 560,Classic Work 560,Author 560,,,日本,1859,"P, o, e, t, r, y",✅ 公版书,是,出版于1926年前
,Classic Work 561,Classic Work 561,Author 561,,,印度,1860,"D, r, a, m, a",✅ 公版书,是,出版于1926年前
,Classic Work 562,Classic Work 562,Author 562,,,韩国,1861,"S, h, o, r, t,  , S, t, o, r, i, e, s",✅ 公版书,是,出版于1926年前
,Classic Work 563,Classic Work 563,Author 563,,,英国,1862,"E, p, i, c",✅ 公版书,是,出版于1926年前
,Classic Work 564,Classic Work 564,Author 564,,,法国,1863,"E, s, s, a, y, s",✅ 公版书,是,出版于1926年前
,Classic Work 565,Classic Work 565,Author 565,,,俄国,1864,"P, h, i, l, o, s, o, p, h, y",✅ 公版书,是,出版于1926年前
,Classic Work 566,Classic Work 566,Author 566,,,德国,1865,"H, i, s, t, o, r, y",✅ 公版书,是,出版于1926年前
,Classic Work 567,Classic Work 567,Author 567,,,意大利,1866,"A, u, t, o, b, i, o, g, r, a, p, h, y",✅ 公版书,是,出版于1926年前
,Classic Work 568,Classic Work 568,Author 568,,,西班牙,1867,"N, o, v, e, l",✅ 公版书,是,出版于1926年前
,Classic Work 569,Classic Work 569,Author 569,,,美国,1868,"P, o, e, t, r, y",✅ 公版书,是,出版于1926年前
,Classic Work 570,Classic Work 570,Author 570,,,伊朗,1869,"D, r, a, m, a",✅ 公版书,是,出版于1926年前
,Classic Work 571,Classic Work 571,Author 571,,,埃及,1870,"S, h, o, r, t,  , S, t, o, r, i, e, s",✅ 公版书,是,出版于1926年前
,Classic Work 572,Classic Work 572,Author 572,,,土耳其,1871,"E, p, i, c",✅ 公版书,是,出版于1926年前
,Classic Work 573,Classic Work 573,Author 573,,,尼日利亚,1872,"E, s, s, a, y, s",✅ 公版书,是,出版于1926年前
,Classic Work 574,Classic Work 574,Author 574,,,南非,1873,"P, h, i, l, o, s, o, p, h, y",✅ 公版书,是,出版于1926年前
,Classic Work 575,Classic Work 575,Author 575,,,澳大利亚,1874,"H, i, s, t, o, r, y",✅ 公版书,是,出版于1926年前
,Classic Work 576,Classic Work 576,Author 576,,,新西兰,1875,"A, u, t, o, b, i, o, g, r, a, p, h, y",✅ 公版书,是,出版于1926年前
,Classic Work 577,Classic Work 577,Author 577,,,中国,1876,"N, o, v, e, l",✅ 公版书,是,出版于1926年前
,Classic Work 578,Classic Work 578,Author 578,,,日本,1877,"P, o, e, t, r, y",✅ 公版书,是,出版于1926年前
,Classic Work 579,Classic Work 579,Author 579,,,印度,1878,"D, r, a, m, a",✅ 公版书,是,出版于1926年前
,Classic Work 580,Classic Work 580,Author 580,,,韩国,1879,"S, h, o, r, t,  , S, t, o, r, i, e, s",✅ 公版书,是,出版于1926年前
,Classic Work 581,Classic Work 581,Author 581,,,英国,1880,"E, p, i, c",✅ 公版书,是,出版于1926年前
,Classic Work 582,Classic Work 582,Author 582,,,法国,1881,"E, s, s, a, y, s",✅ 公版书,是,出版于1926年前
,Classic Work 583,Classic Work 583,Author 583,,,俄国,1882,"P, h, i, l, o, s, o, p, h, y",✅ 公版书,是,出版于1926年前
,Classic Work 584,Classic Work 584,Author 584,,,德国,1883,"H, i, s, t, o, r, y",✅ 公版书,是,出版于1926年前
,Classic Work 585,Classic Work 585,Author 585,,,意大利,1884,"A, u, t, o, b, i, o, g, r, a, p, h, y",✅ 公版书,是,出版于1926年前
,Classic Work 586,Classic Work 586,Author 586,,,西班牙,1885,"N, o, v, e, l",✅ 公版书,是,出版于1926年前
,Classic Work 587,Classic Work 587,Author 587,,,美国,1886,"P, o, e, t, r, y",✅ 公版书,是,出版于1926年前
,Classic Work 588,Classic Work 588,Author 588,,,伊朗,1887,"D, r, a, m, a",✅ 公版书,是,出版于1926年前
,Classic Work 589,Classic Work 589,Author 589,,,埃及,1888,"S, h, o, r, t,  , S, t, o, r, i, e, s",✅ 公版书,是,出版于1926年前
,Classic Work 590,Classic Work 590,Author 590,,,土耳其,1889,"E, p, i, c",✅ 公版书,是,出版于1926年前
,Classic Work 591,Classic Work 591,Author 591,,,尼日利亚,1890,"E, s, s, a, y, s",✅ 公版书,是,出版于1926年前
,Classic Work 592,Classic Work 592,Author 592,,,南非,1891,"P, h, i, l, o, s, o, p, h, y",✅ 公版书,是,出版于1926年前
,Classic Work 593,Classic Work 593,Author 593,,,澳大利亚,1892,"H, i, s, t, o, r, y",✅ 公版书,是,出版于1926年前
,Classic Work 594,Classic Work 594,Author 594,,,新西兰,1893,"A, u, t, o, b, i, o, g, r, a, p, h, y",✅ 公版书,是,出版于1926年前
,Classic Work 595,Classic Work 595,Author 595,,,中国,1894,"N, o, v, e, l",✅ 公版书,是,出版于1926年前
,Classic Work 596,Classic Work 596,Author 596,,,日本,1895,"P, o, e, t, r, y",✅ 公版书,是,出版于1926年前
,Classic Work 597,Classic Work 597,Author 597,,,印度,1896,"D, r, a, m, a",✅ 公版书,是,出版于1926年前
,Classic Work 598,Classic Work 598,Author 598,,,韩国,1897,"S, h, o, r, t,  , S, t, o, r, i, e, s",✅ 公版书,是,出版于1926年前
,Classic Work 599,Classic Work 599,Author 599,,,英国,1898,"E, p, i, c",✅ 公版书,是,出版于1926年前
,Classic Work 600,Classic Work 600,Author 600,,,法国,1899,"E, s, s, a, y, s",✅ 公版书,是,出版于1926年前
,Classic Work 601,Classic Work 601,Author 601,,,俄国,1700,"P, h, i, l, o, s, o, p, h, y",✅ 公版书,是,出版于1926年前
,Classic Work 602,Classic Work 602,Author 602,,,德国,1701,"H, i, s, t, o, r, y",✅ 公版书,是,出版于1926年前
,Classic Work 603,Classic Work 603,Author 603,,,意大利,1702,"A, u, t, o, b, i, o, g, r, a, p, h, y",✅ 公版书,是,出版于1926年前
,Classic Work 604,Classic Work 604,Author 604,,,西班牙,1703,"N, o, v, e, l",✅ 公版书,是,出版于1926年前
,Classic Work 605,Classic Work 605,Author 605,,,美国,1704,"P, o, e, t, r, y",✅ 公版书,是,出版于1926年前
,Classic Work 606,Classic Work 606,Author 606,,,伊朗,1705,"D, r, a, m, a",✅ 公版书,是,出版于1926年前
,Classic Work 607,Classic Work 607,Author 607,,,埃及,1706,"S, h, o, r, t,  , S, t, o, r, i, e, s",✅ 公版书,是,出版于1926年前
,Classic Work 608,Classic Work 608,Author 608,,,土耳其,1707,"E, p, i, c",✅ 公版书,是,出版于1926年前
,Classic Work 609,Classic Work 609,Author 609,,,尼日利亚,1708,"E, s, s, a, y, s",✅ 公版书,是,出版于1926年前
,Classic Work 610,Classic Work 610,Author 610,,,南非,1709,"P, h, i, l, o, s, o, p, h, y",✅ 公版书,是,出版于1926年前
,Classic Work 611,Classic Work 611,Author 611,,,澳大利亚,1710,"H, i, s, t, o, r, y",✅ 公版书,是,出版于1926年前
,Classic Work 612,Classic Work 612,Author 612,,,新西兰,1711,"A, u, t, o, b, i, o, g, r, a, p, h, y",✅ 公版书,是,出版于1926年前
,Classic Work 613,Classic Work 613,Author 613,,,中国,1712,"N, o, v, e, l",✅ 公版书,是,出版于1926年前
,Classic Work 614,Classic Work 614,Author 614,,,日本,1713,"P, o, e, t, r, y",✅ 公版书,是,出版于1926年前
,Classic Work 615,Classic Work 615,Author 615,,,印度,1714,"D, r, a, m, a",✅ 公版书,是,出版于1926年前
,Classic Work 616,Classic Work 616,Author 616,,,韩国,1715,"S, h, o, r, t,  , S, t, o, r, i, e, s",✅ 公版书,是,出版于1926年前
,Classic Work 617,Classic Work 617,Author 617,,,英国,1716,"E, p, i, c",✅ 公版书,是,出版于1926年前
,Classic Work 618,Classic Work 618,Author 618,,,法国,1717,"E, s, s, a, y, s",✅ 公版书,是,出版于1926年前
,Classic Work 619,Classic Work 619,Author 619,,,俄国,1718,"P, h, i, l, o, s, o, p, h, y",✅ 公版书,是,出版于1926年前
,Classic Work 620,Classic Work 620,Author 620,,,德国,1719,"H, i, s, t, o, r, y",✅ 公版书,是,出版于1926年前
,Classic Work 621,Classic Work 621,Author 621,,,意大利,1720,"A, u, t, o, b, i, o, g, r, a, p, h, y",✅ 公版书,是,出版于1926年前
,Classic Work 622,Classic Work 622,Author 622,,,西班牙,1721,"N, o, v, e, l",✅ 公版书,是,出版于1926年前
,Classic Work 623,Classic Work 623,Author 623,,,美国,1722,"P, o, e, t, r, y",✅ 公版书,是,出版于1926年前
,Classic Work 624,Classic Work 624,Author 624,,,伊朗,1723,"D, r, a, m, a",✅ 公版书,是,出版于1926年前
,Classic Work 625,Classic Work 625,Author 625,,,埃及,1724,"S, h, o, r, t,  , S, t, o, r, i, e, s",✅ 公版书,是,出版于1926年前
,Classic Work 626,Classic Work 626,Author 626,,,土耳其,1725,"E, p, i, c",✅ 公版书,是,出版于1926年前
,Classic Work 627,Classic Work 627,Author 627,,,尼日利亚,1726,"E, s, s, a, y, s",✅ 公版书,是,出版于1926年前
,Classic Work 628,Classic Work 628,Author 628,,,南非,1727,"P, h, i, l, o, s, o, p, h, y",✅ 公版书,是,出版于1926年前
,Classic Work 629,Classic Work 629,Author 629,,,澳大利亚,1728,"H, i, s, t, o, r, y",✅ 公版书,是,出版于1926年前
,Classic Work 630,Classic Work 630,Author 630,,,新西兰,1729,"A, u, t, o, b, i, o, g, r, a, p, h, y",✅ 公版书,是,出版于1926年前
,Classic Work 631,Classic Work 631,Author 631,,,中国,1730,"N, o, v, e, l",✅ 公版书,是,出版于1926年前
,Classic Work 632,Classic Work 632,Author 632,,,日本,1731,"P, o, e, t, r, y",✅ 公版书,是,出版于1926年前
,Classic Work 633,Classic Work 633,Author 633,,,印度,1732,"D, r, a, m, a",✅ 公版书,是,出版于1926年前
,Classic Work 634,Classic Work 634,Author 634,,,韩国,1733,"S, h, o, r, t,  , S, t, o, r, i, e, s",✅ 公版书,是,出版于1926年前
,Classic Work 635,Classic Work 635,Author 635,,,英国,1734,"E, p, i, c",✅ 公版书,是,出版于1926年前
,Classic Work 636,Classic Work 636,Author 636,,,法国,1735,"E, s, s, a, y, s",✅ 公版书,是,出版于1926年前
,Classic Work 637,Classic Work 637,Author 637,,,俄国,1736,"P, h, i, l, o, s, o, p, h, y",✅ 公版书,是,出版于1926年前
,Classic Work 638,Classic Work 638,Author 638,,,德国,1737,"H, i, s, t, o, r, y",✅ 公版书,是,出版于1926年前
,Classic Work 639,Classic Work 639,Author 639,,,意大利,1738,"A, u, t, o, b, i, o, g, r, a, p, h, y",✅ 公版书,是,出版于1926年前
,Classic Work 640,Classic Work 640,Author 640,,,西班牙,1739,"N, o, v, e, l",✅ 公版书,是,出版于1926年前
,Classic Work 641,Classic Work 641,Author 641,,,美国,1740,"P, o, e, t, r, y",✅ 公版书,是,出版于1926年前
,Classic Work 642,Classic Work 642,Author 642,,,伊朗,1741,"D, r, a, m, a",✅ 公版书,是,出版于1926年前
,Classic Work 643,Classic Work 643,Author 643,,,埃及,1742,"S, h, o, r, t,  , S, t, o, r, i, e, s",✅ 公版书,是,出版于1926年前
,Classic Work 644,Classic Work 644,Author 644,,,土耳其,1743,"E, p, i, c",✅ 公版书,是,出版于1926年前
,Classic Work 645,Classic Work 645,Author 645,,,尼日利亚,1744,"E, s, s, a, y, s",✅ 公版书,是,出版于1926年前
,Classic Work 646,Classic Work 646,Author 646,,,南非,1745,"P, h, i, l, o, s, o, p, h, y",✅ 公版书,是,出版于1926年前
,Classic Work 647,Classic Work 647,Author 647,,,澳大利亚,1746,"H, i, s, t, o, r, y",✅ 公版书,是,出版于1926年前
,Classic Work 648,Classic Work 648,Author 648,,,新西兰,1747,"A, u, t, o, b, i, o, g, r, a, p, h, y",✅ 公版书,是,出版于1926年前
,Classic Work 649,Classic Work 649,Author 649,,,中国,1748,"N, o, v, e, l",✅ 公版书,是,出版于1926年前
,Classic Work 650,Classic Work 650,Author 650,,,日本,1749,"P, o, e, t, r, y",✅ 公版书,是,出版于1926年前
,Classic Work 651,Classic Work 651,Author 651,,,印度,1750,"D, r, a, m, a",✅ 公版书,是,出版于1926年前
,Classic Work 652,Classic Work 652,Author 652,,,韩国,1751,"S, h, o, r, t,  , S, t, o, r, i, e, s",✅ 公版书,是,出版于1926年前
,Classic Work 653,Classic Work 653,Author 653,,,英国,1752,"E, p, i, c",✅ 公版书,是,出版于1926年前
,Classic Work 654,Classic Work 654,Author 654,,,法国,1753,"E, s, s, a, y, s",✅ 公版书,是,出版于1926年前
,Classic Work 655,Classic Work 655,Author 655,,,俄国,1754,"P, h, i, l, o, s, o, p, h, y",✅ 公版书,是,出版于1926年前
,Classic Work 656,Classic Work 656,Author 656,,,德国,1755,"H, i, s, t, o, r, y",✅ 公版书,是,出版于1926年前
,Classic Work 657,Classic Work 657,Author 657,,,意大利,1756,"A, u, t, o, b, i, o, g, r, a, p, h, y",✅ 公版书,是,出版于1926年前
,Classic Work 658,Classic Work 658,Author 658,,,西班牙,1757,"N, o, v, e, l",✅ 公版书,是,出版于1926年前
,Classic Work 659,Classic Work 659,Author 659,,,美国,1758,"P, o, e, t, r, y",✅ 公版书,是,出版于1926年前
,Classic Work 660,Classic Work 660,Author 660,,,伊朗,1759,"D, r, a, m, a",✅ 公版书,是,出版于1926年前
,Classic Work 661,Classic Work 661,Author 661,,,埃及,1760,"S, h, o, r, t,  , S, t, o, r, i, e, s",✅ 公版书,是,出版于1926年前
,Classic Work 662,Classic Work 662,Author 662,,,土耳其,1761,"E, p, i, c",✅ 公版书,是,出版于1926年前
,Classic Work 663,Classic Work 663,Author 663,,,尼日利亚,1762,"E, s, s, a, y, s",✅ 公版书,是,出版于1926年前
,Classic Work 664,Classic Work 664,Author 664,,,南非,1763,"P, h, i, l, o, s, o, p, h, y",✅ 公版书,是,出版于1926年前
,Classic Work 665,Classic Work 665,Author 665,,,澳大利亚,1764,"H, i, s, t, o, r, y",✅ 公版书,是,出版于1926年前
,Classic Work 666,Classic Work 666,Author 666,,,新西兰,1765,"A, u, t, o, b, i, o, g, r, a, p, h, y",✅ 公版书,是,出版于1926年前
,Classic Work 667,Classic Work 667,Author 667,,,中国,1766,"N, o, v, e, l",✅ 公版书,是,出版于1926年前
,Classic Work 668,Classic Work 668,Author 668,,,日本,1767,"P, o, e, t, r, y",✅ 公版书,是,出版于1926年前
,Classic Work 669,Classic Work 669,Author 669,,,印度,1768,"D, r, a, m, a",✅ 公版书,是,出版于1926年前
,Classic Work 670,Classic Work 670,Author 670,,,韩国,1769,"S, h, o, r, t,  , S, t, o, r, i, e, s",✅ 公版书,是,出版于1926年前
,Classic Work 671,Classic Work 671,Author 671,,,英国,1770,"E, p, i, c",✅ 公版书,是,出版于1926年前
,Classic Work 672,Classic Work 672,Author 672,,,法国,1771,"E, s, s, a, y, s",✅ 公版书,是,出版于1926年前
,Classic Work 673,Classic Work 673,Author 673,,,俄国,1772,"P, h, i, l, o, s, o, p, h, y",✅ 公版书,是,出版于1926年前
,Classic Work 674,Classic Work 674,Author 674,,,德国,1773,"H, i, s, t, o, r, y",✅ 公版书,是,出版于1926年前
,Classic Work 675,Classic Work 675,Author 675,,,意大利,1774,"A, u, t, o, b, i, o, g, r, a, p, h, y",✅ 公版书,是,出版于1926年前
,Classic Work 676,Classic Work 676,Author 676,,,西班牙,1775,"N, o, v, e, l",✅ 公版书,是,出版于1926年前
,Classic Work 677,Classic Work 677,Author 677,,,美国,1776,"P, o, e, t, r, y",✅ 公版书,是,出版于1926年前
,Classic Work 678,Classic Work 678,Author 678,,,伊朗,1777,"D, r, a, m, a",✅ 公版书,是,出版于1926年前
,Classic Work 679,Classic Work 679,Author 679,,,埃及,1778,"S, h, o, r, t,  , S, t, o, r, i, e, s",✅ 公版书,是,出版于1926年前
,Classic Work 680,Classic Work 680,Author 680,,,土耳其,1779,"E, p, i, c",✅ 公版书,是,出版于1926年前
,Classic Work 681,Classic Work 681,Author 681,,,尼日利亚,1780,"E, s, s, a, y, s",✅ 公版书,是,出版于1926年前
,Classic Work 682,Classic Work 682,Author 682,,,南非,1781,"P, h, i, l, o, s, o, p, h, y",✅ 公版书,是,出版于1926年前
,Classic Work 683,Classic Work 683,Author 683,,,澳大利亚,1782,"H, i, s, t, o, r, y",✅ 公版书,是,出版于1926年前
,Classic Work 684,Classic Work 684,Author 684,,,新西兰,1783,"A, u, t, o, b, i, o, g, r, a, p, h, y",✅ 公版书,是,出版于1926年前
,Classic Work 685,Classic Work 685,Author 685,,,中国,1784,"N, o, v, e, l",✅ 公版书,是,出版于1926年前
,Classic Work 686,Classic Work 686,Author 686,,,日本,1785,"P, o, e, t, r, y",✅ 公版书,是,出版于1926年前
,Classic Work 687,Classic Work 687,Author 687,,,印度,1786,"D, r, a, m, a",✅ 公版书,是,出版于1926年前
,Classic Work 688,Classic Work 688,Author 688,,,韩国,1787,"S, h, o, r, t,  , S, t, o, r, i, e, s",✅ 公版书,是,出版于1926年前
,Classic Work 689,Classic Work 689,Author 689,,,英国,1788,"E, p, i, c",✅ 公版书,是,出版于1926年前
,Classic Work 690,Classic Work 690,Author 690,,,法国,1789,"E, s, s, a, y, s",✅ 公版书,是,出版于1926年前
,Classic Work 691,Classic Work 691,Author 691,,,俄国,1790,"P, h, i, l, o, s, o, p, h, y",✅ 公版书,是,出版于1926年前
,Classic Work 692,Classic Work 692,Author 692,,,德国,1791,"H, i, s, t, o, r, y",✅ 公版书,是,出版于1926年前
,Classic Work 693,Classic Work 693,Author 693,,,意大利,1792,"A, u, t, o, b, i, o, g, r, a, p, h, y",✅ 公版书,是,出版于1926年前
,Classic Work 694,Classic Work 694,Author 694,,,西班牙,1793,"N, o, v, e, l",✅ 公版书,是,出版于1926年前
,Classic Work 695,Classic Work 695,Author 695,,,美国,1794,"P, o, e, t, r, y",✅ 公版书,是,出版于1926年前
,Classic Work 696,Classic Work 696,Author 696,,,伊朗,1795,"D, r, a, m, a",✅ 公版书,是,出版于1926年前
,Classic Work 697,Classic Work 697,Author 697,,,埃及,1796,"S, h, o, r, t,  , S, t, o, r, i, e, s",✅ 公版书,是,出版于1926年前
,Classic Work 698,Classic Work 698,Author 698,,,土耳其,1797,"E, p, i, c",✅ 公版书,是,出版于1926年前
,Classic Work 699,Classic Work 699,Author 699,,,尼日利亚,1798,"E, s, s, a, y, s",✅ 公版书,是,出版于1926年前
,Classic Work 700,Classic Work 700,Author 700,,,南非,1799,"P, h, i, l, o, s, o, p, h, y",✅ 公版书,是,出版于1926年前
,Classic Work 701,Classic Work 701,Author 701,,,澳大利亚,1800,"H, i, s, t, o, r, y",✅ 公版书,是,出版于1926年前
,Classic Work 702,Classic Work 702,Author 702,,,新西兰,1801,"A, u, t, o, b, i, o, g, r, a, p, h, y",✅ 公版书,是,出版于1926年前
,Classic Work 703,Classic Work 703,Author 703,,,中国,1802,"N, o, v, e, l",✅ 公版书,是,出版于1926年前
,Classic Work 704,Classic Work 704,Author 704,,,日本,1803,"P, o, e, t, r, y",✅ 公版书,是,出版于1926年前
,Classic Work 705,Classic Work 705,Author 705,,,印度,1804,"D, r, a, m, a",✅ 公版书,是,出版于1926年前
,Classic Work 706,Classic Work 706,Author 706,,,韩国,1805,"S, h, o, r, t,  , S, t, o, r, i, e, s",✅ 公版书,是,出版于1926年前
,Classic Work 707,Classic Work 707,Author 707,,,英国,1806,"E, p, i, c",✅ 公版书,是,出版于1926年前
,Classic Work 708,Classic Work 708,Author 708,,,法国,1807,"E, s, s, a, y, s",✅ 公版书,是,出版于1926年前
,Classic Work 709,Classic Work 709,Author 709,,,俄国,1808,"P, h, i, l, o, s, o, p, h, y",✅ 公版书,是,出版于1926年前
,Classic Work 710,Classic Work 710,Author 710,,,德国,1809,"H, i, s, t, o, r, y",✅ 公版书,是,出版于1926年前
,Classic Work 711,Classic Work 711,Author 711,,,意大利,1810,"A, u, t, o, b, i, o, g, r, a, p, h, y",✅ 公版书,是,出版于1926年前
,Classic Work 712,Classic Work 712,Author 712,,,西班牙,1811,"N, o, v, e, l",✅ 公版书,是,出版于1926年前
,Classic Work 713,Classic Work 713,Author 713,,,美国,1812,"P, o, e, t, r, y",✅ 公版书,是,出版于1926年前
,Classic Work 714,Classic Work 714,Author 714,,,伊朗,1813,"D, r, a, m, a",✅ 公版书,是,出版于1926年前
,Classic Work 715,Classic Work 715,Author 715,,,埃及,1814,"S, h, o, r, t,  , S, t, o, r, i, e, s",✅ 公版书,是,出版于1926年前
,Classic Work 716,Classic Work 716,Author 716,,,土耳其,1815,"E, p, i, c",✅ 公版书,是,出版于1926年前
,Classic Work 717,Classic Work 717,Author 717,,,尼日利亚,1816,"E, s, s, a, y, s",✅ 公版书,是,出版于1926年前
,Classic Work 718,Classic Work 718,Author 718,,,南非,1817,"P, h, i, l, o, s, o, p, h, y",✅ 公版书,是,出版于1926年前
,Classic Work 719,Classic Work 719,Author 719,,,澳大利亚,1818,"H, i, s, t, o, r, y",✅ 公版书,是,出版于1926年前
,Classic Work 720,Classic Work 720,Author 720,,,新西兰,1819,"A, u, t, o, b, i, o, g, r, a, p, h, y",✅ 公版书,是,出版于1926年前
,Classic Work 721,Classic Work 721,Author 721,,,中国,1820,"N, o, v, e, l",✅ 公版书,是,出版于1926年前
,Classic Work 722,Classic Work 722,Author 722,,,日本,1821,"P, o, e, t, r, y",✅ 公版书,是,出版于1926年前
,Classic Work 723,Classic Work 723,Author 723,,,印度,1822,"D, r, a, m, a",✅ 公版书,是,出版于1926年前
,Classic Work 724,Classic Work 724,Author 724,,,韩国,1823,"S, h, o, r, t,  , S, t, o, r, i, e, s",✅ 公版书,是,出版于1926年前
,Classic Work 725,Classic Work 725,Author 725,,,英国,1824,"E, p, i, c",✅ 公版书,是,出版于1926年前
,Classic Work 726,Classic Work 726,Author 726,,,法国,1825,"E, s, s, a, y, s",✅ 公版书,是,出版于1926年前
,Classic Work 727,Classic Work 727,Author 727,,,俄国,1826,"P, h, i, l, o, s, o, p, h, y",✅ 公版书,是,出版于1926年前
,Classic Work 728,Classic Work 728,Author 728,,,德国,1827,"H, i, s, t, o, r, y",✅ 公版书,是,出版于1926年前
,Classic Work 729,Classic Work 729,Author 729,,,意大利,1828,"A, u, t, o, b, i, o, g, r, a, p, h, y",✅ 公版书,是,出版于1926年前
,Classic Work 730,Classic Work 730,Author 730,,,西班牙,1829,"N, o, v, e, l",✅ 公版书,是,出版于1926年前
,Classic Work 731,Classic Work 731,Author 731,,,美国,1830,"P, o, e, t, r, y",✅ 公版书,是,出版于1926年前
,Classic Work 732,Classic Work 732,Author 732,,,伊朗,1831,"D, r, a, m, a",✅ 公版书,是,出版于1926年前
,Classic Work 733,Classic Work 733,Author 733,,,埃及,1832,"S, h, o, r, t,  , S, t, o, r, i, e, s",✅ 公版书,是,出版于1926年前
,Classic Work 734,Classic Work 734,Author 734,,,土耳其,1833,"E, p, i, c",✅ 公版书,是,出版于1926年前
,Classic Work 735,Classic Work 735,Author 735,,,尼日利亚,1834,"E, s, s, a, y, s",✅ 公版书,是,出版于1926年前
,Classic Work 736,Classic Work 736,Author 736,,,南非,1835,"P, h, i, l, o, s, o, p, h, y",✅ 公版书,是,出版于1926年前
,Classic Work 737,Classic Work 737,Author 737,,,澳大利亚,1836,"H, i, s, t, o, r, y",✅ 公版书,是,出版于1926年前
,Classic Work 738,Classic Work 738,Author 738,,,新西兰,1837,"A, u, t, o, b, i, o, g, r, a, p, h, y",✅ 公版书,是,出版于1926年前
,Classic Work 739,Classic Work 739,Author 739,,,中国,1838,"N, o, v, e, l",✅ 公版书,是,出版于1926年前
,Classic Work 740,Classic Work 740,Author 740,,,日本,1839,"P, o, e, t, r, y",✅ 公版书,是,出版于1926年前
,Classic Work 741,Classic Work 741,Author 741,,,印度,1840,"D, r, a, m, a",✅ 公版书,是,出版于1926年前
,Classic Work 742,Classic Work 742,Author 742,,,韩国,1841,"S, h, o, r, t,  , S, t, o, r, i, e, s",✅ 公版书,是,出版于1926年前
,Classic Work 743,Classic Work 743,Author 743,,,英国,1842,"E, p, i, c",✅ 公版书,是,出版于1926年前
,Classic Work 744,Classic Work 744,Author 744,,,法国,1843,"E, s, s, a, y, s",✅ 公版书,是,出版于1926年前
,Classic Work 745,Classic Work 745,Author 745,,,俄国,1844,"P, h, i, l, o, s, o, p, h, y",✅ 公版书,是,出版于1926年前
,Classic Work 746,Classic Work 746,Author 746,,,德国,1845,"H, i, s, t, o, r, y",✅ 公版书,是,出版于1926年前
,Classic Work 747,Classic Work 747,Author 747,,,意大利,1846,"A, u, t, o, b, i, o, g, r, a, p, h, y",✅ 公版书,是,出版于1926年前
,Classic Work 748,Classic Work 748,Author 748,,,西班牙,1847,"N, o, v, e, l",✅ 公版书,是,出版于1926年前
,Classic Work 749,Classic Work 749,Author 749,,,美国,1848,"P, o, e, t, r, y",✅ 公版书,是,出版于1926年前
,Classic Work 750,Classic Work 750,Author 750,,,伊朗,1849,"D, r, a, m, a",✅ 公版书,是,出版于1926年前
,Classic Work 751,Classic Work 751,Author 751,,,埃及,1850,"S, h, o, r, t,  , S, t, o, r, i, e, s",✅ 公版书,是,出版于1926年前
,Classic Work 752,Classic Work 752,Author 752,,,土耳其,1851,"E, p, i, c",✅ 公版书,是,出版于1926年前
,Classic Work 753,Classic Work 753,Author 753,,,尼日利亚,1852,"E, s, s, a, y, s",✅ 公版书,是,出版于1926年前
,Classic Work 754,Classic Work 754,Author 754,,,南非,1853,"P, h, i, l, o, s, o, p, h, y",✅ 公版书,是,出版于1926年前
,Classic Work 755,Classic Work 755,Author 755,,,澳大利亚,1854,"H, i, s, t, o, r, y",✅ 公版书,是,出版于1926年前
,Classic Work 756,Classic Work 756,Author 756,,,新西兰,1855,"A, u, t, o, b, i, o, g, r, a, p, h, y",✅ 公版书,是,出版于1926年前
,Classic Work 757,Classic Work 757,Author 757,,,中国,1856,"N, o, v, e, l",✅ 公版书,是,出版于1926年前
,Classic Work 758,Classic Work 758,Author 758,,,日本,1857,"P, o, e, t, r, y",✅ 公版书,是,出版于1926年前
,Classic Work 759,Classic Work 759,Author 759,,,印度,1858,"D, r, a, m, a",✅ 公版书,是,出版于1926年前
,Classic Work 760,Classic Work 760,Author 760,,,韩国,1859,"S, h, o, r, t,  , S, t, o, r, i, e, s",✅ 公版书,是,出版于1926年前
,Classic Work 761,Classic Work 761,Author 761,,,英国,1860,"E, p, i, c",✅ 公版书,是,出版于1926年前
,Classic Work 762,Classic Work 762,Author 762,,,法国,1861,"E, s, s, a, y, s",✅ 公版书,是,出版于1926年前
,Classic Work 763,Classic Work 763,Author 763,,,俄国,1862,"P, h, i, l, o, s, o, p, h, y",✅ 公版书,是,出版于1926年前
,Classic Work 764,Classic Work 764,Author 764,,,德国,1863,"H, i, s, t, o, r, y",✅ 公版书,是,出版于1926年前
,Classic Work 765,Classic Work 765,Author 765,,,意大利,1864,"A, u, t, o, b, i, o, g, r, a, p, h, y",✅ 公版书,是,出版于1926年前
,Classic Work 766,Classic Work 766,Author 766,,,西班牙,1865,"N, o, v, e, l",✅ 公版书,是,出版于1926年前
,Classic Work 767,Classic Work 767,Author 767,,,美国,1866,"P, o, e, t, r, y",✅ 公版书,是,出版于1926年前
,Classic Work 768,Classic Work 768,Author 768,,,伊朗,1867,"D, r, a, m, a",✅ 公版书,是,出版于1926年前
,Classic Work 769,Classic Work 769,Author 769,,,埃及,1868,"S, h, o, r, t,  , S, t, o, r, i, e, s",✅ 公版书,是,出版于1926年前
,Classic Work 770,Classic Work 770,Author 770,,,土耳其,1869,"E, p, i, c",✅ 公版书,是,出版于1926年前
,Classic Work 771,Classic Work 771,Author 771,,,尼日利亚,1870,"E, s, s, a, y, s",✅ 公版书,是,出版于1926年前
,Classic Work 772,Classic Work 772,Author 772,,,南非,1871,"P, h, i, l, o, s, o, p, h, y",✅ 公版书,是,出版于1926年前
,Classic Work 773,Classic Work 773,Author 773,,,澳大利亚,1872,"H, i, s, t, o, r, y",✅ 公版书,是,出版于1926年前
,Classic Work 774,Classic Work 774,Author 774,,,新西兰,1873,"A, u, t, o, b, i, o, g, r, a, p, h, y",✅ 公版书,是,出版于1926年前
,Classic Work 775,Classic Work 775,Author 775,,,中国,1874,"N, o, v, e, l",✅ 公版书,是,出版于1926年前
,Classic Work 776,Classic Work 776,Author 776,,,日本,1875,"P, o, e, t, r, y",✅ 公版书,是,出版于1926年前
,Classic Work 777,Classic Work 777,Author 777,,,印度,1876,"D, r, a, m, a",✅ 公版书,是,出版于1926年前
,Classic Work 778,Classic Work 778,Author 778,,,韩国,1877,"S, h, o, r, t,  , S, t, o, r, i, e, s",✅ 公版书,是,出版于1926年前
,Classic Work 779,Classic Work 779,Author 779,,,英国,1878,"E, p, i, c",✅ 公版书,是,出版于1926年前
,Classic Work 780,Classic Work 780,Author 780,,,法国,1879,"E, s, s, a, y, s",✅ 公版书,是,出版于1926年前
,Classic Work 781,Classic Work 781,Author 781,,,俄国,1880,"P, h, i, l, o, s, o, p, h, y",✅ 公版书,是,出版于1926年前
,Classic Work 782,Classic Work 782,Author 782,,,德国,1881,"H, i, s, t, o, r, y",✅ 公版书,是,出版于1926年前
,Classic Work 783,Classic Work 783,Author 783,,,意大利,1882,"A, u, t, o, b, i, o, g, r, a, p, h, y",✅ 公版书,是,出版于1926年前
,Classic Work 784,Classic Work 784,Author 784,,,西班牙,1883,"N, o, v, e, l",✅ 公版书,是,出版于1926年前
,Classic Work 785,Classic Work 785,Author 785,,,美国,1884,"P, o, e, t, r, y",✅ 公版书,是,出版于1926年前
,Classic Work 786,Classic Work 786,Author 786,,,伊朗,1885,"D, r, a, m, a",✅ 公版书,是,出版于1926年前
,Classic Work 787,Classic Work 787,Author 787,,,埃及,1886,"S, h, o, r, t,  , S, t, o, r, i, e, s",✅ 公版书,是,出版于1926年前
,Classic Work 788,Classic Work 788,Author 788,,,土耳其,1887,"E, p, i, c",✅ 公版书,是,出版于1926年前
,Classic Work 789,Classic Work 789,Author 789,,,尼日利亚,1888,"E, s, s, a, y, s",✅ 公版书,是,出版于1926年前
,Classic Work 790,Classic Work 790,Author 790,,,南非,1889,"P, h, i, l, o, s, o, p, h, y",✅ 公版书,是,出版于1926年前
,Classic Work 791,Classic Work 791,Author 791,,,澳大利亚,1890,"H, i, s, t, o, r, y",✅ 公版书,是,出版于1926年前
,Classic Work 792,Classic Work 792,Author 792,,,新西兰,1891,"A, u, t, o, b, i, o, g, r, a, p, h, y",✅ 公版书,是,出版于1926年前
,Classic Work 793,Classic Work 793,Author 793,,,中国,1892,"N, o, v, e, l",✅ 公版书,是,出版于1926年前
,Classic Work 794,Classic Work 794,Author 794,,,日本,1893,"P, o, e, t, r, y",✅ 公版书,是,出版于1926年前
,Classic Work 795,Classic Work 795,Author 795,,,印度,1894,"D, r, a, m, a",✅ 公版书,是,出版于1926年前
,Classic Work 796,Classic Work 796,Author 796,,,韩国,1895,"S, h, o, r, t,  , S, t, o, r, i, e, s",✅ 公版书,是,出版于1926年前
,Classic Work 797,Classic Work 797,Author 797,,,英国,1896,"E, p, i, c",✅ 公版书,是,出版于1926年前
,Classic Work 798,Classic Work 798,Author 798,,,法国,1897,"E, s, s, a, y, s",✅ 公版书,是,出版于1926年前
,Classic Work 799,Classic Work 799,Author 799,,,俄国,1898,"P, h, i, l, o, s, o, p, h, y",✅ 公版书,是,出版于1926年前
,Classic Work 800,Classic Work 800,Author 800,,,德国,1899,"H, i, s, t, o, r, y",✅ 公版书,是,出版于1926年前
,Classic Work 801,Classic Work 801,Author 801,,,意大利,1700,"A, u, t, o, b, i, o, g, r, a, p, h, y",✅ 公版书,是,出版于1926年前
,Classic Work 802,Classic Work 802,Author 802,,,西班牙,1701,"N, o, v, e, l",✅ 公版书,是,出版于1926年前
,Classic Work 803,Classic Work 803,Author 803,,,美国,1702,"P, o, e, t, r, y",✅ 公版书,是,出版于1926年前
,Classic Work 804,Classic Work 804,Author 804,,,伊朗,1703,"D, r, a, m, a",✅ 公版书,是,出版于1926年前
,Classic Work 805,Classic Work 805,Author 805,,,埃及,1704,"S, h, o, r, t,  , S, t, o, r, i, e, s",✅ 公版书,是,出版于1926年前
,Classic Work 806,Classic Work 806,Author 806,,,土耳其,1705,"E, p, i, c",✅ 公版书,是,出版于1926年前
,Classic Work 807,Classic Work 807,Author 807,,,尼日利亚,1706,"E, s, s, a, y, s",✅ 公版书,是,出版于1926年前
,Classic Work 808,Classic Work 808,Author 808,,,南非,1707,"P, h, i, l, o, s, o, p, h, y",✅ 公版书,是,出版于1926年前
,Classic Work 809,Classic Work 809,Author 809,,,澳大利亚,1708,"H, i, s, t, o, r, y",✅ 公版书,是,出版于1926年前
,Classic Work 810,Classic Work 810,Author 810,,,新西兰,1709,"A, u, t, o, b, i, o, g, r, a, p, h, y",✅ 公版书,是,出版于1926年前
,Classic Work 811,Classic Work 811,Author 811,,,中国,1710,"N, o, v, e, l",✅ 公版书,是,出版于1926年前
,Classic Work 812,Classic Work 812,Author 812,,,日本,1711,"P, o, e, t, r, y",✅ 公版书,是,出版于1926年前
,Classic Work 813,Classic Work 813,Author 813,,,印度,1712,"D, r, a, m, a",✅ 公版书,是,出版于1926年前
,Classic Work 814,Classic Work 814,Author 814,,,韩国,1713,"S, h, o, r, t,  , S, t, o, r, i, e, s",✅ 公版书,是,出版于1926年前
,Classic Work 815,Classic Work 815,Author 815,,,英国,1714,"E, p, i, c",✅ 公版书,是,出版于1926年前
,Classic Work 816,Classic Work 816,Author 816,,,法国,1715,"E, s, s, a, y, s",✅ 公版书,是,出版于1926年前
,Classic Work 817,Classic Work 817,Author 817,,,俄国,1716,"P, h, i, l, o, s, o, p, h, y",✅ 公版书,是,出版于1926年前
,Classic Work 818,Classic Work 818,Author 818,,,德国,1717,"H, i, s, t, o, r, y",✅ 公版书,是,出版于1926年前
,Classic Work 819,Classic Work 819,Author 819,,,意大利,1718,"A, u, t, o, b, i, o, g, r, a, p, h, y",✅ 公版书,是,出版于1926年前
,Classic Work 820,Classic Work 820,Author 820,,,西班牙,1719,"N, o, v, e, l",✅ 公版书,是,出版于1926年前
,Classic Work 821,Classic Work 821,Author 821,,,美国,1720,"P, o, e, t, r, y",✅ 公版书,是,出版于1926年前
,Classic Work 822,Classic Work 822,Author 822,,,伊朗,1721,"D, r, a, m, a",✅ 公版书,是,出版于1926年前
,Classic Work 823,Classic Work 823,Author 823,,,埃及,1722,"S, h, o, r, t,  , S, t, o, r, i, e, s",✅ 公版书,是,出版于1926年前
,Classic Work 824,Classic Work 824,Author 824,,,土耳其,1723,"E, p, i, c",✅ 公版书,是,出版于1926年前
,Classic Work 825,Classic Work 825,Author 825,,,尼日利亚,1724,"E, s, s, a, y, s",✅ 公版书,是,出版于1926年前
,Classic Work 826,Classic Work 826,Author 826,,,南非,1725,"P, h, i, l, o, s, o, p, h, y",✅ 公版书,是,出版于1926年前
,Classic Work 827,Classic Work 827,Author 827,,,澳大利亚,1726,"H, i, s, t, o, r, y",✅ 公版书,是,出版于1926年前
,Classic Work 828,Classic Work 828,Author 828,,,新西兰,1727,"A, u, t, o, b, i, o, g, r, a, p, h, y",✅ 公版书,是,出版于1926年前
,Classic Work 829,Classic Work 829,Author 829,,,中国,1728,"N, o, v, e, l",✅ 公版书,是,出版于1926年前
,Classic Work 830,Classic Work 830,Author 830,,,日本,1729,"P, o, e, t, r, y",✅ 公版书,是,出版于1926年前
,Classic Work 831,Classic Work 831,Author 831,,,印度,1730,"D, r, a, m, a",✅ 公版书,是,出版于1926年前
,Classic Work 832,Classic Work 832,Author 832,,,韩国,1731,"S, h, o, r, t,  , S, t, o, r, i, e, s",✅ 公版书,是,出版于1926年前
,Classic Work 833,Classic Work 833,Author 833,,,英国,1732,"E, p, i, c",✅ 公版书,是,出版于1926年前
,Classic Work 834,Classic Work 834,Author 834,,,法国,1733,"E, s, s, a, y, s",✅ 公版书,是,出版于1926年前
,Classic Work 835,Classic Work 835,Author 835,,,俄国,1734,"P, h, i, l, o, s, o, p, h, y",✅ 公版书,是,出版于1926年前
,Classic Work 836,Classic Work 836,Author 836,,,德国,1735,"H, i, s, t, o, r, y",✅ 公版书,是,出版于1926年前
,Classic Work 837,Classic Work 837,Author 837,,,意大利,1736,"A, u, t, o, b, i, o, g, r, a, p, h, y",✅ 公版书,是,出版于1926年前
,Classic Work 838,Classic Work 838,Author 838,,,西班牙,1737,"N, o, v, e, l",✅ 公版书,是,出版于1926年前
,Classic Work 839,Classic Work 839,Author 839,,,美国,1738,"P, o, e, t, r, y",✅ 公版书,是,出版于1926年前
,Classic Work 840,Classic Work 840,Author 840,,,伊朗,1739,"D, r, a, m, a",✅ 公版书,是,出版于1926年前
,Classic Work 841,Classic Work 841,Author 841,,,埃及,1740,"S, h, o, r, t,  , S, t, o, r, i, e, s",✅ 公版书,是,出版于1926年前
,Classic Work 842,Classic Work 842,Author 842,,,土耳其,1741,"E, p, i, c",✅ 公版书,是,出版于1926年前
,Classic Work 843,Classic Work 843,Author 843,,,尼日利亚,1742,"E, s, s, a, y, s",✅ 公版书,是,出版于1926年前
,Classic Work 844,Classic Work 844,Author 844,,,南非,1743,"P, h, i, l, o, s, o, p, h, y",✅ 公版书,是,出版于1926年前
,Classic Work 845,Classic Work 845,Author 845,,,澳大利亚,1744,"H, i, s, t, o, r, y",✅ 公版书,是,出版于1926年前
,Classic Work 846,Classic Work 846,Author 846,,,新西兰,1745,"A, u, t, o, b, i, o, g, r, a, p, h, y",✅ 公版书,是,出版于1926年前
,Classic Work 847,Classic Work 847,Author 847,,,中国,1746,"N, o, v, e, l",✅ 公版书,是,出版于1926年前
,Classic Work 848,Classic Work 848,Author 848,,,日本,1747,"P, o, e, t, r, y",✅ 公版书,是,出版于1926年前
,Classic Work 849,Classic Work 849,Author 849,,,印度,1748,"D, r, a, m, a",✅ 公版书,是,出版于1926年前
,Classic Work 850,Classic Work 850,Author 850,,,韩国,1749,"S, h, o, r, t,  , S, t, o, r, i, e, s",✅ 公版书,是,出版于1926年前
,Classic Work 851,Classic Work 851,Author 851,,,英国,1750,"E, p, i, c",✅ 公版书,是,出版于1926年前
,Classic Work 852,Classic Work 852,Author 852,,,法国,1751,"E, s, s, a, y, s",✅ 公版书,是,出版于1926年前
,Classic Work 853,Classic Work 853,Author 853,,,俄国,1752,"P, h, i, l, o, s, o, p, h, y",✅ 公版书,是,出版于1926年前
,Classic Work 854,Classic Work 854,Author 854,,,德国,1753,"H, i, s, t, o, r, y",✅ 公版书,是,出版于1926年前
,Classic Work 855,Classic Work 855,Author 855,,,意大利,1754,"A, u, t, o, b, i, o, g, r, a, p, h, y",✅ 公版书,是,出版于1926年前
,Classic Work 856,Classic Work 856,Author 856,,,西班牙,1755,"N, o, v, e, l",✅ 公版书,是,出版于1926年前
,Classic Work 857,Classic Work 857,Author 857,,,美国,1756,"P, o, e, t, r, y",✅ 公版书,是,出版于1926年前
,Classic Work 858,Classic Work 858,Author 858,,,伊朗,1757,"D, r, a, m, a",✅ 公版书,是,出版于1926年前
,Classic Work 859,Classic Work 859,Author 859,,,埃及,1758,"S, h, o, r, t,  , S, t, o, r, i, e, s",✅ 公版书,是,出版于1926年前
,Classic Work 860,Classic Work 860,Author 860,,,土耳其,1759,"E, p, i, c",✅ 公版书,是,出版于1926年前
,Classic Work 861,Classic Work 861,Author 861,,,尼日利亚,1760,"E, s, s, a, y, s",✅ 公版书,是,出版于1926年前
,Classic Work 862,Classic Work 862,Author 862,,,南非,1761,"P, h, i, l, o, s, o, p, h, y",✅ 公版书,是,出版于1926年前
,Classic Work 863,Classic Work 863,Author 863,,,澳大利亚,1762,"H, i, s, t, o, r, y",✅ 公版书,是,出版于1926年前
,Classic Work 864,Classic Work 864,Author 864,,,新西兰,1763,"A, u, t, o, b, i, o, g, r, a, p, h, y",✅ 公版书,是,出版于1926年前
